Number,State,State_Code,Organization_Name,Type,Email,Phone,Website,Address,City,Zip_Code,Description
1,Alaska,AK,Alaska SPCA,Spca,customerhelp@alaskaspca.org,(907) 562-2999,https://www.alaskaspca.org,"3710 Woodland Drive, Suite 1200",Anchorage,99517,"Independent local nonprofit promoting animal welfare since 1955. Provides affordable veterinary services, adoption center, pet food bank, and mobile surgery unit."
2,Alaska,AK,Anchorage Animal Care and Control,Animal Control,animalcontrol@muni.org,(907) 343-8118,https://www.muni.org/Departments/health/Admin/animal_control,4711 Elmore Road,Anchorage,99507,"Open-admission municipal shelter serving the entire Municipality of Anchorage. Promotes public health, safety, responsible pet ownership, and humane care of animals."
3,Alaska,AK,Juneau Animal Rescue,Shelter,jar@prior2prior.com,(907) 789-0260,https://www.juneauanimalrescue.org,7705 Glacier Highway,Juneau,99801,"Private nonprofit shelter founded in 1963, serving domestic animals in Juneau for over 60 years. The largest shelter in Southeast Alaska, operating as an open-admission facility."
4,Alaska,AK,Fairbanks North Star Borough Animal Control,Animal Control,animalcontrol@fnsb.gov,(907) 459-1451,https://www.fnsb.gov/160/Animal-Control,2408 Davis Road,Fairbanks,99701,"Municipal animal shelter serving Fairbanks North Star Borough, providing animal control services and pet adoptions."
5,Alaska,AK,Mat-Su Borough Animal Care and Regulation,Animal Control,animalcare@matsugov.us,(907) 746-5500,https://animalcare.matsugov.us,9470 E Chanlyut Circle,Palmer,99645,Dedicated to serving the Alaskan community and animals in need. Maintains shelter and enforcement services for Mat-Su Borough including Palmer and Wasilla.
6,Alaska,AK,Humane Society of Kodiak,Humane Society,info@kodiakanimalshelter.org,(907) 486-4717,https://www.kodiakanimalshelter.org,P.O. Box 8783,Kodiak,99615,"Operating the only animal shelter in the Kodiak Archipelago since 1995. A no-kill shelter for friendly adoptable pets, committed to preventing animal cruelty and reducing homeless pets."
7,Alaska,AK,Ketchikan Humane Society,Humane Society,info@ketchikanhumanesociety.org,,http://www.ketchikanhumanesociety.org,228 Martin Street,Ketchikan,99901,501(c)(3) formed in 2001 to help abused and abandoned animals in Southern Southeast Alaska find permanent homes and reduce unwanted animals through low-cost spay/neuter services.
8,Alaska,AK,Kenai Animal Shelter,Shelter,animalshelter@kenai.city,(907) 283-7353,https://www.kenai.city/animal-control,510 North Willow Street,Kenai,99611,"City shelter promoting community safety through public education, spaying/neutering, and humane operations. All animals are spayed/neutered and microchipped before adoption."
9,Alaska,AK,Kenai Peninsula Animal Lovers Rescue,Rescue,info@kpalrescue.org,,https://kpalrescue.org,,Soldotna,99669,"Founded in 2019, provides safe environment for stray, surrendered, abused, or abandoned animals through foster network with goal of finding forever homes."
10,Alaska,AK,Friends of Sitka Animal Shelter,Rescue,info@sitkaanimalfriends.org,,https://www.sitkaanimalfriends.org,,Sitka,99835,"Dedicated to providing quality care and shelter to animals in need while offering services, resources, and education to community members."
11,Alaska,AK,Alaska Mindful Paws,Shelter,info@alaskamindfulpaws.org,,https://www.alaskamindfulpaws.org,,Homer,99603,"Non-profit organization in Homer dedicated to providing shelter, care and advocacy to homeless animals in the community."
12,Alaska,AK,Alaskan Animal Rescue Friends,Rescue,rescueadogtoday@gmail.com,(907) 727-6728,https://www.alaskananimalrescuefriends.org,521 W 41st Unit H,Anchorage,99503,"All-volunteer, foster home based dog rescue. Takes dogs from bush communities, local animal control, owner releases, and neglect cases."
13,Alaska,AK,Friends of Pets,Rescue,friendsofpets@alaska.net,(907) 562-2535,https://friendsofpets.org,P.O. Box 240981,Anchorage,99524,"Established in 1989, 100% volunteer organization rescuing at least 80% of animals from Anchorage Animal Care & Control. Places 100-150 animals per year."
14,Alaska,AK,Alaska Dog and Puppy Rescue,Rescue,info@prior2prior.com,(907) 745-7030,https://www.prior2prior.com,,Palmer,99645,"All-volunteer organization helping meet the needs of the Mat-Su Valley pet overpopulation problem, rescuing weekly from Mat-Su Borough Animal Shelter and Houston Animal Control."
15,Alaska,AK,Second Chance League,Rescue,info@secondchanceleague.org,,https://www.secondchanceleague.org,,Fairbanks,99701,"Group of Fairbanks mushers focused on finding permanent homes for sled dogs. Works exclusively with dogs from municipal shelter, evaluating, fostering, and training them."
16,Alaska,AK,Alaska Humane Society,Humane Society,info@adopt-a-cat.org,(907) 344-8808,https://adopt-a-cat.org,,Anchorage,99507,"Founded in 1979, operates a no-kill shelter and sanctuary for orphan cats in Anchorage."
17,Alaska,AK,Best Friends Animal Rescue Alaska,Rescue,info@bfarak.org,,https://bfarak.org,,Anchorage,99501,Registered 501(c)3 non-profit helping families from all over Alaska find their next best friend through adoption services.
18,Alaska,AK,Forget-Me-Not Animal Rescue,Rescue,info@fmnrescue.org,,https://fmnrescue.org,,North Pole,99705,"Animal rescue organization in North Pole, Alaska founded in 2023, dedicated to rescuing and rehoming animals in the Fairbanks area."
19,Alaska,AK,Golden Retriever Rescue of Fairbanks,Rescue,info@grrf.org,,https://www.grrf.org,,Fairbanks,99701,Breed-specific rescue organization dedicated to rescuing and rehoming Golden Retrievers in the Fairbanks area.
20,Alaska,AK,Loving Companions Animal Rescue,Rescue,info@lovingcompanionsanimalrescue.org,,https://lovingcompanionsanimalrescue.org,,Fairbanks,99701,"Animal rescue organization serving the Fairbanks area, dedicated to finding loving homes for companion animals."
21,Alaska,AK,HARK - Haines Animal Rescue Kennel,Rescue,hark@aptalaska.net,(907) 766-2834,,,Haines,99827,"Finds homes for homeless animals, offers low-cost medical services, educates the public on responsible pet care, and serves as animal control in Haines."
22,Alaska,AK,Bering Sea Humane Society,Humane Society,,,,,Nome,99762,"Animal welfare organization in Nome, Alaska founded in 2020 serving the remote Bering Sea region."
23,Alaska,AK,Petersburg Humane Association,Humane Society,,,,,Petersburg,99833,"Animal shelter organization in Petersburg, Alaska founded in 2008 serving the local community."
24,Alaska,AK,Helping Escaped and Lost Pets,Rescue,info@matsuhelp.org,,https://www.matsuhelp.org,,Palmer,99645,"Nonprofit helping return lost pets home in the Mat-Su Valley, including Palmer, Wasilla, and all of the Mat-Su Borough."
25,Alaska,AK,Companions Inc,Nonprofit,info@companionsinc.org,,https://www.companionsinc.org,,Fairbanks,99701,Pet support volunteers organization serving the Fairbanks area with various animal welfare programs.
26,Alabama,AL,Greater Birmingham Humane Society,Humane Society,info@gbhs.org,(205) 942-1211,https://gbhs.org,300 Snow Drive,Birmingham,35209,"The oldest and largest animal shelter in Alabama, founded in 1883. GBHS promotes humane treatment of animals through education, advocacy, and services, and manages Animal Care & Control for Jefferson County."
27,Alabama,AL,Greater Huntsville Humane Society,Humane Society,info@ghhs.org,(256) 881-8081,https://ghhs.org,2812 Johnson Road,Huntsville,35805,A 501(c)(3) no-kill animal shelter rescuing North Alabama's homeless animals for over 55 years. Offers community programs including pet food bank and wellness clinic.
28,Alabama,AL,Montgomery Humane Society,Humane Society,info@montgomeryhumane.com,(334) 409-0622,https://www.montgomeryhumane.com,1150 John Overton Drive,Montgomery,36110,"Founded in 1920, Montgomery Humane Society is an open admission shelter preventing cruelty to animals through shelter operations, adoption services, and investigating abuse cases."
29,Alabama,AL,Mobile SPCA,Spca,info@mobilespca.org,(251) 633-3531,https://www.mobilespca.org,620 Zeigler Circle West,Mobile,36608,"Founded in 1885, one of Alabama's oldest continuously operating charitable organizations. A no-kill, limited intake shelter offering adoption guarantees for healthy or treatable animals."
30,Alabama,AL,Humane Society of West Alabama,Humane Society,volunteerhswa@gmail.com,(205) 554-0011,https://humanesocietyofwa.org,1515 Veterans Memorial Parkway,Tuscaloosa,35404,"Since 1971, a no-kill, volunteer-run, cage-free nonprofit adoption center. Operates entirely on donor support with no government funding."
31,Alabama,AL,Morgan County Humane Society,Humane Society,info@morgancountyhumanesociety.com,(256) 773-7222,https://www.morgancountyhumanesociety.com,86 Gum Springs Cut-Off Road,Hartselle,35640,Established in 2004 as the first no-kill organization in North Alabama. Their facility sits on over eight acres in rural Morgan County.
32,Alabama,AL,Baldwin Humane Society,Humane Society,exdir@baldwinhumane.org,(251) 928-4585,https://baldwinhumane.org,22886C Highway 98,Fairhope,36532,"Founded in 1979, Baldwin County AL Humane Society has been a driving force in animal welfare serving the entire Baldwin County area."
33,Alabama,AL,Lee County Humane Society,Humane Society,lchs1140@leecountyhumane.org,(334) 821-3222,https://www.leecountyhumane.org,1140 Ware Drive,Auburn,36832,"Developed in 1974, a 501(c)3 non-profit, open-admission shelter serving Auburn and Opelika. Provides adoption services, educational programs, and community awareness."
34,Alabama,AL,East Alabama Humane Society,Humane Society,eahs4pets@yahoo.com,(334) 298-6446,https://www.eahs4pets.com,712 13th Street,Phenix City,36867,"The only no-kill shelter facility within Russell County, Alabama. Mission is to promote and enable saving the lives of as many unwanted pets as possible."
35,Alabama,AL,Shelby Humane Society,Humane Society,info@shelbyhumane.org,(205) 669-3916,https://shelbyhumane.org,381 McDow Road,Columbiana,35051,Founded in 1977 to care for unwanted cats and dogs in Shelby County. Operates the county animal shelter through contract with Shelby County.
36,Alabama,AL,Calhoun County Humane Society,Humane Society,calhouncountyhumane@gmail.com,(256) 405-6680,http://calhouncountyhs.blogspot.com,1201 Parkwood Drive,Anniston,36201,"Established in 1973, a 501(c)3 non-profit shelter for homeless pets. Known as The Animal Shelter, serving Jacksonville, AL and surrounding areas."
37,Alabama,AL,Prattville/Autauga Humane Society,Humane Society,autaugahumane@yahoo.com,(334) 358-2882,https://www.prattvilleautaugahumane.org,1009 Rueben Road,Prattville,36067,"A non-profit 501(c)3 animal shelter and adoption center serving the Prattville/Autauga area, providing homeless animals with shelter and care."
38,Alabama,AL,Humane Society Pet Rescue and Adoption Center,Humane Society,info@hsprac.com,(256) 442-1347,https://hsprac.com,815 Goodyear Avenue,Gadsden,35903,"Saves hundreds of homeless pets in the Gadsden and Attalla areas by providing temporary shelter, food, veterinary care, and educational outreach programs."
39,Alabama,AL,Wiregrass Pet Rescue and Adoption Center,Rescue,info@wiregrasspetrescue.org,(334) 792-4014,https://wiregrasspetrescue.org,800 Fortner Street,Dothan,36301,A 501(c)3 nonprofit dedicated to creating an exemplary animal shelter and community-friendly facility in Dothan/Houston County.
40,Alabama,AL,Rocket City Rescue,Rescue,info@rocketcityrescue.org,,https://rocketcityrescue.org,,Huntsville,35801,A volunteer-driven rescue committed to helping homeless animals find their forever homes. Offers adoption and foster programs for cats and dogs.
41,Alabama,AL,Florence Lauderdale Animal Services,Shelter,animalservices@florenceal.org,(256) 760-6676,https://florenceal.org/public-safety/animal-control/,3240 Roberson Road,Florence,35630,"Receives all stray, abandoned, and surrendered pets in Florence and Lauderdale County. Works with fosters, volunteers, and rescues to rehome thousands of homeless animals yearly."
42,Alabama,AL,Shoals PAWS,Rescue,info@shoalspaws.com,,https://www.shoalspaws.com,,Florence,35630,"All-volunteer group serving Lauderdale, Colbert, and Franklin Counties since 2003. Dedicated to spay/neuter initiatives, TNR, and rescuing animals in need through foster homes."
43,Alabama,AL,CAAWA - Cullman Area Animal Welfare Association,Rescue,caawarescue@yahoo.com,,https://www.caawa.org,"PMB 106, 1236 Cullman Shopping Center",Cullman,35055,"A 501(c)3 non-profit, all-volunteer, no-kill organization rescuing dogs and cats in Cullman County to decrease shelter surrenders."
44,Alabama,AL,Decatur Animal Services,Animal Control,Animaladoptions@decatur-al.gov,(256) 341-4790,https://www.cityofdecatural.com/departments/animal-services/,300A Beltline Road SW,Decatur,35601,"City of Decatur municipal animal services providing animal control, shelter, and adoption services for the Decatur community."
45,Alabama,AL,Alabama SPCA,Spca,info@alabamaspca.org,,https://www.alabamaspca.org,,Birmingham,35209,"A statewide SPCA organization dedicated to animal welfare across Alabama through rescue, adoption, and advocacy programs."
46,Alabama,AL,Two By Two Rescue League,Rescue,info@twobytworescue.com,(205) 397-8922,https://twobytworescue.com,,Helena,35080,"Rescues and re-homes lost, abandoned, and neglected animals while educating the public on responsible pet ownership."
47,Alabama,AL,Humane Society of Elmore County,Humane Society,hselmorecounty@gmail.com,(334) 567-3377,https://www.hselmorecounty.org,255 Central Plank Road,Wetumpka,36092,"Rescues animals, prevents cruelty, promotes responsible pet ownership, and finds loving homes through education and community engagement."
48,Alabama,AL,4Legs4Justice Animal Rescue,Rescue,info@4legs4justice.org,,https://4legs4justice.org,,Anniston,36201,"Partners with Greater Birmingham Humane Society, operating at a facility in McClellan, Anniston to rescue and rehome animals."
49,Alabama,AL,SAVE-A-PET at the Dothan Animal Shelter,Rescue,saveapetofdothan@gmail.com,(334) 615-4620,,500 Pea River Drive,Dothan,36303,"A partnership between the City of Dothan's Animal Shelter and SAVE A PET non-profit rescue, working to minimize euthanasia of adoptable pets."
50,Alabama,AL,Steel City Cat Rescue,Rescue,Steelcitycatrescue@gmail.com,,,,Birmingham,35242,A cat-focused rescue organization in the Birmingham area dedicated to rescuing and rehoming homeless cats.
51,Alabama,AL,Rescue Rangers,Rescue,k9.rescue.rangers@gmail.com,(256) 227-4270,,,Decatur,35603,A rescue organization in the Decatur area focused on saving and rehoming dogs in North Alabama.
52,Alabama,AL,Huntsville Animal Services,Animal Control,animalservices@huntsvilleal.gov,(256) 883-3782,https://www.huntsvilleal.gov/environment/animal-services/,4950 Triana Boulevard,Huntsville,35805,City of Huntsville municipal animal services providing animal control and shelter services for the Huntsville community.
53,Alabama,AL,Baldwin County Animal Shelter,Animal Control,animalshelter@baldwincountyal.gov,(251) 972-6834,https://baldwincountyal.gov/departments/animal-shelter,15240 County Road 49,Summerdale,36580,Baldwin County government-operated animal shelter providing animal control and adoption services for Baldwin County residents.
54,Alabama,AL,Shoals Animal Advocates,Rescue,shoalsanimaladvocates@gmail.com,,,,Florence,35630,"A 501(c)3 non-profit foster-based rescue promoting the rescuing, fostering and adoption of homeless dogs and cats in Colbert, Lauderdale, and Franklin counties."
55,Alabama,AL,For Paws Rescue,Rescue,forpawsrescue@gmail.com,,,,Auburn,36830,"An animal welfare organization in Auburn founded in 2004, dedicated to rescuing and rehoming animals in the Lee County area."
56,Arkansas,AR,Humane Society of Pulaski County,Humane Society,info@warmhearts.org,(501) 227-6166,https://warmhearts.org,14600 Colonel Glenn Road,Little Rock,72210,"Arkansas' only 4-star rated animal welfare charity since 1946. Private no-kill shelter supported solely by donations, typically housing about 200 animals at a time."
57,Arkansas,AR,Little Rock Animal Village,Shelter,animalvillage@littlerock.gov,(501) 376-3067,https://www.friendsoftheanimalvillage.org/about-lrav,4500 Kramer Street,Little Rock,72204,"Little Rock's municipal animal shelter with fully staffed veterinary clinic caring for thousands of animals yearly, plus adoption center with five large play yards for dogs."
58,Arkansas,AR,Friends of the Animal Village,Nonprofit,info@FriendsoftheAnimalVillage.org,,https://www.friendsoftheanimalvillage.org,"7401 Colonel Glenn Road, #4026",Little Rock,72204,"Nonprofit supporting Little Rock Animal Village through donations, fundraisers, awareness campaigns, and improving quality of life for shelter animals."
59,Arkansas,AR,CARE for Animals,Rescue,info@careforanimals.org,(501) 604-2254,https://www.careforanimals.org,5516 Kavanaugh Boulevard,Little Rock,72207,"501(c)(3) nonprofit created in 1998, devoted to rescue/adoption, spay/neuter, pet food pantry, and fundraising efforts with hundreds of volunteers."
60,Arkansas,AR,North Little Rock Animal Shelter,Animal Control,animalservices@nlr.ar.gov,(501) 791-8577,https://nlr.ar.gov/departments/animal-services/animal-shelter/,1 Championship Drive,North Little Rock,72118,Municipal animal shelter serving North Little Rock with animal control and adoption services.
61,Arkansas,AR,Humane Society of the Ozarks,Humane Society,hsoadmin@hsozarks.com,(479) 444-7387,https://hsozarks.org,PO Box 11174,Fayetteville,72703,"Founded in 1944, 501(c)3 nonprofit servicing Northwest Arkansas. Programs include low cost spay/neuter vouchers, emergency vet care, and companion animal rescue."
62,Arkansas,AR,NWA Humane Society for Animals,Humane Society,info@nwahumanesocietyforanimals.org,(479) 636-3703,https://nwahumanesocietyforanimals.org,1530 W Walnut Street,Rogers,72756,Local no-kill shelter helping animals find loving homes since 1963 in Northwest Arkansas.
63,Arkansas,AR,Northeast Arkansas Humane Society,Humane Society,administrator@neahs.org,(870) 932-5185,https://www.neahs.org,6111 E Highland Drive,Jonesboro,72401,"Founded in 1971, 501c nonprofit animal shelter devoted to placing surrendered or abandoned pets into loving homes across Northeast Arkansas."
64,Arkansas,AR,Sebastian County Humane Society (HOPE Humane Society),Humane Society,bekah-schs@att.net,(479) 783-4395,,3800 Kelley Highway,Fort Smith,72904,"Established in 1937, dedicated to prevention of cruelty, relief of animal suffering, placement in responsible homes, and humane education."
65,Arkansas,AR,Fort Smith Animal Haven,Rescue,info@fsmah.org,,https://fsmah.org,,Fort Smith,72901,"Provides non-lethal solutions to homeless, abandoned, and feral animal population through reunification, adoption, or transport to areas with higher adoption rates."
66,Arkansas,AR,The Artemis Project,Rescue,info@theartemisprojectrescue.org,,https://theartemisprojectrescue.org,,Fort Smith,72901,"Fort Smith and Arkansas River Valley animal rescue offering adoption, fostering, and donation opportunities."
67,Arkansas,AR,Humane Society of Garland County,Humane Society,info@hsgconline.org,(501) 623-5012,https://hsgconline.org,1321 Highway 128,Lonsdale,72087,Making a difference in the lives of animals in Hot Springs and throughout Arkansas with shelter and adoption services.
68,Arkansas,AR,Hot Springs Village Animal Welfare League,Nonprofit,info@hsvawl.org,,https://hsvawl.org,,Hot Springs Village,71909,"Volunteer-run organization paying for food, veterinary expenses, and supplies for shelter animals. Achieved 94.5% save rate in 2024, qualifying as no-kill shelter."
69,Arkansas,AR,Guardian Angels Cat Rescue and Adoption Shelter,Rescue,,(501) 623-3484,,907 Hobson Avenue,Hot Springs,71901,Cat rescue and adoption shelter serving the Hot Springs area.
70,Arkansas,AR,Paws and Claws Rescue,Rescue,info@pawsandclawsrescue.org,,,PO Box 20254,Hot Springs,71903,Animal rescue organization serving the Hot Springs area.
71,Arkansas,AR,Conway Animal Welfare Unit,Animal Control,,(501) 450-6160,,4550 Highway 64 West,Conway,72032,Municipal animal welfare unit serving Conway and Faulkner County.
72,Arkansas,AR,Humane Society of Faulkner County,Humane Society,info@faulknercountyhumanesociety.org,(501) 908-6658,,,Conway,72032,Humane society serving Faulkner County with animal welfare and adoption services.
73,Arkansas,AR,Jefferson County Humane Society,Humane Society,info@jeffcoarkansashumanesociety.com,,https://jeffcoarkansashumanesociety.com,,Pine Bluff,71601,Humane society serving Pine Bluff and Jefferson County with animal rescue and adoption services.
74,Arkansas,AR,Humane Society of Saline County,Humane Society,info@hssaline.org,(501) 557-5518,https://hssaline.org,,Bauxite,72011,Humane society serving Saline County with animal welfare services.
75,Arkansas,AR,Central Arkansas SPCA,Spca,,(501) 366-1293,,,Jacksonville,72076,SPCA serving Central Arkansas with animal welfare and adoption services.
76,Arkansas,AR,Big Paws of the Ozarks,Rescue,info@bigpawsoftheozarks.org,(479) 316-6045,,"121 W Township Avenue, Suite 4",Fayetteville,72703,"Rescues, fosters, and finds loving homes for large breed dogs, advocating for animal welfare and community education on pet care."
77,Arkansas,AR,Fayetteville Animal Shelter,Animal Control,animalservices@fayetteville-ar.gov,(479) 444-3456,,1640 S Armstrong Avenue,Fayetteville,72701,Municipal animal shelter serving Fayetteville with animal control and adoption services.
78,Arkansas,AR,Animal League of Washington County,Rescue,info@alwc.org,(479) 263-7058,,PO Box 4366,Fayetteville,72702,Animal rescue league serving Washington County in Northwest Arkansas.
79,Arkansas,AR,ArkanPaws Animal Rescue,Rescue,,(501) 289-0894,,,Plumerville,72127,Animal rescue serving Conway County and surrounding areas.
80,Arkansas,AR,Last Chance Arkansas,Rescue,info@lastchancearkansas.org,,,,Little Rock,72201,"Saves animals from euthanasia by offering medical care, fostering, and adoption services."
81,Arizona,AZ,Arizona Humane Society,Humane Society,petresourcecenter@azhumane.org,(602) 997-7585,https://www.azhumane.org,1521 W Dobbins Road,Phoenix,85041,"Arizona's largest animal welfare organization, operating the state's largest trauma hospital for homeless animals. Dedicated to saving vulnerable pets through innovative medical programs, emergency rescue, and comprehensive adoption services."
82,Arizona,AZ,Arizona Animal Welfare League & SPCA,Spca,marketing@aawl.org,(602) 273-6852,https://aawl.org,25 North 40th Street,Phoenix,85034,"The oldest and largest no-kill shelter in Arizona, founded in 1971. Merged with Arizona SPCA in 2007. Rescues, rehabilitates, and rehomes more than 4,000 dogs and cats annually."
83,Arizona,AZ,Maricopa County Animal Care and Control - West,Animal Control,animalcare@maricopa.gov,(602) 506-7387,https://www.maricopa.gov/5268/Animal-Care-and-Control,2500 S 27th Avenue,Phoenix,85009,"One of the nation's largest open-admission shelters, serving the animals and people of Maricopa County with adoption services, vaccinations, spay/neuter, and licensing."
84,Arizona,AZ,Maricopa County Animal Care and Control - East,Animal Control,animalcare@maricopa.gov,(602) 506-7387,https://www.maricopa.gov/5268/Animal-Care-and-Control,1920 S Lewis,Mesa,85210,"East Valley location of Maricopa County Animal Care and Control, providing animal welfare services to Mesa and East Valley communities."
85,Arizona,AZ,Pima Animal Care Center,Animal Control,pacc@pima.gov,(520) 724-5900,https://www.pima.gov/2233/Pima-Animal-Care-Center-PACC,4000 N Silverbell Road,Tucson,85745,"The community's only open-admission shelter with the largest selection of adoptable dogs, cats, puppies, and kittens. All adopted pets are microchipped, spayed/neutered, and vaccinated."
86,Arizona,AZ,Friends of Pima Animal Care Center,Nonprofit,info@friendsofpacc.org,(520) 610-4915,https://www.friendsofpacc.org,,Tucson,85745,"Nonprofit partner to Pima Animal Care Center, providing resources to support neglected, abandoned, and abused pets. Named Best Non-Profit in Arizona Daily Star Readers' Choice Awards six consecutive years."
87,Arizona,AZ,Humane Society of Southern Arizona,Humane Society,info@hssaz.org,(520) 327-6088,https://hssaz.org,635 W Roger Road,Tucson,85705,"Independent local nonprofit established in 1944, dedicated to sheltering and placement of animals, prevention of cruelty, and education on humane treatment."
88,Arizona,AZ,HALO Animal Rescue,Rescue,info@halorescue.org,(602) 971-9222,https://halorescue.org,"3227 E Bell Road, Suite D151",Phoenix,85032,"Founded in 1994, HALO provides a safe haven for thousands of homeless dogs and cats annually. Never euthanizes for space and ensures every pet receives full veterinary support before adoption."
89,Arizona,AZ,Lost Our Home Pet Rescue,Rescue,Adoptions@LostOurHome.org,(602) 445-7387,https://www.lostourhome.org,2323 South Hardy Drive,Tempe,85282,No-kill rescue dedicated to bridging the care gap between people in crisis and pets who have no place to go. Programs preserve the human-animal bond whenever possible.
90,Arizona,AZ,Foothills Animal Rescue,Rescue,volunteer@foothillsanimal.org,(480) 488-9890,https://foothillsanimal.org,10197 E Bell Road,Scottsdale,85260,"Non-profit founded in 1995, operating an adoption-guarantee facility where dogs and cats remain in care until finding loving homes. Award-winning Brynne Smith Memorial Campus."
91,Arizona,AZ,Sun Cities 4 Paws Rescue,Rescue,info@4pawsrescue.org,(623) 876-8778,https://4pawsrescue.org,11129 W Michigan Avenue,Youngtown,85363,No-kill cat-only animal rescue and shelter serving the Sun Cities area with adoption services.
92,Arizona,AZ,Yavapai Humane Society,Humane Society,info@yavapaihumane.org,(928) 445-2666,https://yavapaihumane.org,1625 Sundog Ranch Road,Prescott,86301,"Private non-profit providing animal care for stray dogs and cats in Prescott, Prescott Valley, and Yavapai County. Operations funded primarily by donations and fundraisers."
93,Arizona,AZ,United Animal Friends,Rescue,info@unitedanimalfriends.org,(928) 778-2924,https://unitedanimalfriends.org,,Prescott,86301,"Volunteer-based 501(c)(3) nonprofit founded in 2003, providing rescue programs including spay/neuter certificates, courtesy listings, and emergency medical assistance."
94,Arizona,AZ,Verde Valley Humane Society,Humane Society,info@verdevalleyhumane.org,(928) 634-7387,https://verdevalleyhumane.org,1520 W Mingus Avenue,Cottonwood,86326,"Provides shelter and care for homeless animals throughout Cottonwood, Verde Valley, Yavapai County, and the Yavapai-Nation."
95,Arizona,AZ,Humane Society of Central Arizona,Humane Society,info@humanesocietycentralaz.org,(928) 474-5590,https://humanesocietycentralaz.org,605 W Bridle Path Lane,Payson,85541,Animal shelter providing adoption services for dogs and cats in the Payson and central Arizona area.
96,Arizona,AZ,HARTT - Humane Animal Rescue & Trapping Team,Rescue,info@azhartt.org,(602) 476-1062,https://azhartt.org,,Phoenix,85001,"Volunteer-based nonprofit humanely capturing lost family pets, homeless dogs, and cats who are severely injured throughout the Phoenix area."
97,Arizona,AZ,AZ Friends for Life Animal Rescue,Rescue,info@azfriends.org,(480) 497-8296,https://azfriends.org,952 W Melody Avenue,Gilbert,85233,"Advocating for homeless animals in Arizona since 1993, committed to placing the right animal in the right home."
98,Arizona,AZ,Follow Your Heart Animal Rescue,Rescue,info@followyourheartanimalrescue.org,,https://www.followyourheartanimalrescue.org,,Mesa,85201,"501(c)(3) all foster-based rescue in Mesa, Arizona dedicated to saving homeless animals."
99,Arizona,AZ,Love Connection Dog Rescue,Rescue,info@loveconnectiondogrescue.com,,https://loveconnectiondogrescue.com,,Chandler,85224,"Accepts dogs of all conditions, pulling from county shelters, Indian reservations, and taking dogs requiring board and training. Volunteer foster families care for dogs until adoption."
100,Arizona,AZ,Pima Paws for Life,Rescue,info@pimapawsforlife.org,(520) 207-4024,https://www.pimapawsforlife.org,,Tucson,85701,"Nonprofit believing every animal's life has value, dedicated to rescue and rehoming in the Tucson area."
101,Arizona,AZ,Underdog Rescue of Arizona,Rescue,info@underdogaz.com,,https://www.underdogaz.com,,Phoenix,85001,Focuses on saving at-risk shelter dogs one paw at a time throughout the Phoenix metropolitan area.
102,Arizona,AZ,Yavapai Humane Trappers Animal Search & Rescue,Rescue,info@yavapaihumanetrappers.org,,https://www.yavapaihumanetrappers.org,,Prescott,86301,"Nonprofit animal rescue, adoption, and foster organization in Northern Arizona. Awarded Gold Seal of Transparency through GuideStar 2023-2024."
103,Arizona,AZ,Halfway Home Arizona Animal Rescue,Rescue,info@halfwayhomeaz.com,,https://www.halfwayhomeaz.com,,Phoenix,85001,Independent cat and dog rescue and foster program serving the Arizona community.
104,Arizona,AZ,Arizona Humane Society - Papago Park Campus,Humane Society,petresourcecenter@azhumane.org,(602) 997-7585,https://www.azhumane.org,5501 E Van Buren Avenue,Phoenix,85008,"Second campus of Arizona Humane Society providing adoption services, veterinary care, and community programs in the Papago Park area."
105,Arizona,AZ,Coconino Humane Association,Humane Society,info@coconinohumane.org,(928) 526-1076,https://coconinohumane.org,3501 E Butler Avenue,Flagstaff,86004,Serving the Flagstaff and Coconino County area with animal shelter and adoption services.
106,California,CA,San Francisco SPCA,Spca,publicinfo@sfspca.org,(415) 554-3000,https://www.sfspca.org,201 Alabama Street,San Francisco,94103,"Independent nonprofit since 1868, fourth oldest humane society in the U.S. and founders of the No-Kill movement. Offers world-class veterinary care and SF's largest adoption center."
107,California,CA,San Diego Humane Society,Humane Society,info@sdhumane.org,(619) 299-7012,https://sdhumane.org,5500 Gaines Street,San Diego,92110,"Works to create a more humane world by inspiring compassion, providing hope, and advancing the welfare of animals and people. Operates multiple campuses across San Diego County."
108,California,CA,spcaLA,Spca,info@spcaLA.com,(323) 730-5300,https://spcala.com,5026 W Jefferson Boulevard,Los Angeles,90016,"Independent nonprofit serving Southern California since 1877. Dedicated to prevention of cruelty to animals through education, law enforcement, intervention, and advocacy."
109,California,CA,Los Angeles County Animal Care and Control,Animal Control,licensing@animalcare.lacounty.gov,(562) 345-0400,https://animalcare.lacounty.gov,5898 Cherry Avenue,Long Beach,90805,"One of the largest animal care and control agencies in the nation, operating seven animal care centers and providing services to over three million residents."
110,California,CA,Los Angeles Animal Services,Animal Control,ani.info@lacity.org,(888) 452-7381,https://www.laanimalservices.com,"221 N Figueroa Street, Suite 600",Los Angeles,90012,"City of Los Angeles department promoting and protecting the health, safety and welfare of animals and people through multiple shelter locations."
111,California,CA,Pasadena Humane,Humane Society,info@pasadenahumane.org,(626) 792-7151,https://pasadenahumane.org,361 S Raymond Avenue,Pasadena,91105,Donor-supported nonprofit providing compassionate care for animals since 1903 in the Greater Los Angeles Area.
112,California,CA,Humane Society Silicon Valley,Humane Society,info@hssv.org,(408) 262-2133,https://www.hssv.org,901 Ames Avenue,Milpitas,95035,"Operating continuously since 1929, world's first model shelter to meet 543 Guidelines for Standards of Care. First animal community center to receive Gold LEED certification."
113,California,CA,East Bay SPCA,Spca,customercare@eastbayspca.org,(510) 569-0702,https://eastbayspca.org,8323 Baldwin Street,Oakland,94621,"One of the oldest shelters in the country, committed to the welfare of cats and dogs. Independent local nonprofit not affiliated with any national organization."
114,California,CA,Peninsula Humane Society & SPCA,Spca,info@phs-spca.org,(650) 340-7022,https://phs-spca.org,1450 Rollins Road,Burlingame,94010,"Private, independent, open-door animal shelter providing pet adoptions, animal rescue & control, wildlife services, and behavior classes. All donations stay local."
115,California,CA,Sacramento SPCA,Spca,info@sspca.org,(916) 383-7387,https://www.sspca.org,6201 Florin-Perkins Road,Sacramento,95828,"The only full-service 100% nonprofit animal shelter in the Sacramento region, independent and relying on community donations."
116,California,CA,Berkeley Humane,Humane Society,info@berkeleyhumane.org,(510) 845-7735,https://berkeleyhumane.org,2700 Ninth Street,Berkeley,94710,Serves the people and animals of the community by providing life-saving programs for cats and dogs.
117,California,CA,SPCA Monterey County,Spca,info@spcamc.org,(831) 373-2631,https://www.spcamc.org,1002 Monterey-Salinas Highway,Monterey,93940,"Independent local SPCA since 1905. Open admission shelter for all animals in need including dogs, cats, horses, rabbits, wildlife, and more."
118,California,CA,Helen Woodward Animal Center,Rescue,info@animalcenter.org,(858) 756-4117,https://www.animalcenter.org,6461 El Apajo Road,Rancho Santa Fe,92067,"Educates on animal care, offers pet adoption programs, and runs an equine therapy program. One of the largest animal welfare organizations in San Diego County."
119,California,CA,OC Animal Care,Animal Control,ocanimalcare@occr.ocgov.com,(714) 935-6848,https://www.ocpetinfo.com,1630 Victory Road,Tustin,92782,"Provides animal control services to thirteen contract cities and unincorporated areas of Orange County, 24 hours a day, 7 days a week."
120,California,CA,Irvine Animal Care Center,Animal Control,animalcare@cityofirvine.org,(949) 724-7740,https://cityofirvine.org/irvine-animal-care-center,6443 Oak Canyon,Irvine,92618,"Provides sheltering, care, and enrichment for homeless, neglected, abused, or unwanted animals. Services include licensing, pet adoptions, and events."
121,California,CA,Central California SPCA,Spca,info@ccspca.com,(559) 233-7722,https://ccspca.com,103 S Hughes Avenue,Fresno,93706,Nonprofit humane society saving animals in the Central Valley since 1895 with modern facilities and caring staff.
122,California,CA,Fresno Humane Animal Services,Humane Society,info@fresnohumane.org,(559) 600-7387,https://www.fresnohumane.org,1510 West Dan Ronquillo Drive,Fresno,93706,Committed to providing progressive animal services with the goal of improving quality of life for both animals and humans in Fresno County.
123,California,CA,Valley Animal Center,Rescue,info@valleyanimal.org,(559) 233-8690,https://valleyanimal.org,3934 N Hayston Avenue,Fresno,93726,"Dedicated to controlling the pet population through education and spaying/neutering, not euthanasia."
124,California,CA,Inland Valley Humane Society & SPCA,Spca,info@ivhsspca.org,(909) 623-9777,https://ivhsspca.org,500 Humane Way,Pomona,91766,"Provides animal care and control services to Chino Hills, Claremont, Covina, Diamond Bar, Glendora, La Verne, Pomona, and San Dimas."
125,California,CA,San Bernardino Animal Services,Animal Control,animalservices@sbcity.org,(909) 384-1304,https://www.sanbernardino.gov/164/Animal-Services,333 Chandler Place,San Bernardino,92408,"Municipal shelter serving San Bernardino, Colton, Grand Terrace, Fontana, Loma Linda, and Rialto with animal control and adoption services."
126,California,CA,Muttville Senior Dog Rescue,Rescue,info@muttville.org,(415) 272-4172,https://www.muttville.org,255 Alabama Street,San Francisco,94103,"Rescues and finds homes for neglected senior dogs, providing companionship to seniors in San Francisco."
127,California,CA,Best Friends Animal Society - Los Angeles,Rescue,losangeles@bestfriends.org,(818) 643-3989,https://bestfriends.org/los-angeles,15321 Brand Boulevard,Mission Hills,91345,National organization's LA initiative developing a model for saving lives in high-density urban environments struggling with animal homelessness.
128,California,CA,Rancho Coastal Humane Society,Humane Society,info@rchumanesociety.org,(760) 753-6413,https://rchumanesociety.org,389 Requeza Street,Encinitas,92024,"Private, nonprofit animal welfare organization serving San Diego County with shelter and adoption services."
129,California,CA,Santa Cruz County Animal Shelter,Animal Control,animalshelter@santacruzcounty.us,(831) 454-7200,https://www.scanimalshelter.org,2200 7th Avenue,Santa Cruz,95062,County shelter providing animal control and adoption services for Santa Cruz County residents.
130,California,CA,Animal Rescue of Fresno,Rescue,info@arf-fresno.com,(559) 224-9193,https://arf-fresno.com,,Fresno,93701,"Saving homeless dogs since 1998 in the Fresno area through rescue, foster, and adoption programs."
131,California,CA,Napa Humane,Humane Society,info@napahumane.org,(707) 255-8118,https://napahumane.org,3265 California Boulevard,Napa,94558,Nonprofit organization dedicated to promoting the welfare of companion animals in Napa County.
132,California,CA,Sonoma Humane Society,Humane Society,info@sonomahumane.org,(707) 542-0882,https://sonomahumane.org,5345 Highway 12 West,Santa Rosa,95407,"Serving Sonoma County with comprehensive animal welfare services including adoption, rescue, and community programs."
133,California,CA,Sacramento County Animal Shelter,Animal Control,animalcare@saccounty.net,(916) 368-7387,https://animalcare.saccounty.gov,3839 Bradshaw Road,Sacramento,95827,County-operated shelter providing animal care and control services for Sacramento County.
134,California,CA,San Jose Animal Care Center,Animal Control,animals@sanjoseca.gov,(408) 794-7297,https://www.sanjoseca.gov/your-government/departments/animal-care-services,2750 Monterey Road,San Jose,95111,"City of San Jose municipal shelter providing animal care services, adoptions, and community programs."
135,California,CA,Riverside County Animal Services,Animal Control,animals@rivco.org,(951) 358-7387,https://rfrv.us/shelters,6851 Van Buren Boulevard,Riverside,92509,Provides animal control and shelter services throughout Riverside County with multiple locations.
136,Colorado,CO,Humane Colorado (Denver Dumb Friends League),Humane Society,info@ddfl.org,(303) 751-5772,https://humanecolorado.org,2080 S Quebec Street,Denver,80231,"Established in 1910, the largest independent nonprofit community-based animal shelter in the Rocky Mountain region. Rebranded from Dumb Friends League to Humane Colorado in 2025."
137,Colorado,CO,Humane Society of the Pikes Peak Region,Humane Society,lostandfound@hsppr.org,(719) 473-1741,https://www.hsppr.org,610 Abbot Lane,Colorado Springs,80905,"Founded in 1949, the largest animal welfare group for homeless and abused animals in Southern Colorado. BBB-accredited charity with 4/4 stars from Charity Navigator."
138,Colorado,CO,Humane Society of Boulder Valley,Humane Society,adoptions@boulderhumane.org,(303) 442-4030,https://boulderhumane.org,2323 55th Street,Boulder,80301,"Since 1902, providing shelter and care to over 16,000 animals yearly with 92% adoption/reunification rate. Operates adoption center, veterinary hospital, and training center."
139,Colorado,CO,NOCO Humane,Humane Society,larimerservicedesk@nocohumane.org,(970) 226-3647,https://www.nocohumane.org,3501 E 71st Street,Loveland,80538,"Founded in 1969 as Larimer Humane Society, northern Colorado's largest animal welfare organization. Provides full-service animal control for Fort Collins, Loveland, and Larimer County."
140,Colorado,CO,Foothills Animal Shelter,Shelter,info@foothillsanimalshelter.org,(303) 278-7575,https://foothillsanimalshelter.org,580 McIntyre Street,Golden,80401,"Jefferson County's only open-admission shelter and Colorado's largest single-campus animal agency. Shelters 8,500+ pets and provides resources for 6,000+ community animals yearly."
141,Colorado,CO,MaxFund Animal Adoption Center,Rescue,info@maxfund.org,(720) 250-8634,https://maxfund.org,1005 Galapago Street,Denver,80204,"Denver's true no-kill shelter established in 1988, providing medical care for injured pets with no known owners. Leading the no-kill movement in Colorado."
142,Colorado,CO,Longmont Humane Society,Humane Society,info@longmonthumane.org,(303) 772-1232,https://www.longmonthumane.org,9595 Nelson Road,Longmont,80501,Nonprofit organization serving the Longmont area with animal shelter and adoption services.
143,Colorado,CO,Animal Friends Alliance,Rescue,info@savinganimalstoday.org,(970) 484-8516,https://www.savinganimalstoday.org,2321 E Mulberry Street,Fort Collins,80524,Saving animals in Northern Colorado since 2006. Adoption-guarantee shelter with subsidized spay/neuter clinic and resources to keep pets in loving homes.
144,Colorado,CO,Cat Care Society,Rescue,info@catcaresociety.org,(303) 239-9680,https://catcaresociety.org,5787 W 6th Avenue,Lakewood,80214,"Shelters cats in cage-free environments until adopted, operates cat clinic onsite, and provides community programs including food bank for low-income pet owners."
145,Colorado,CO,Aurora Animal Shelter,Animal Control,animalservices@auroragov.org,(303) 326-8280,https://www.auroragov.org/residents/animal_services/aurora_animal_shelter,15750 E 32nd Avenue,Aurora,80011,City of Aurora municipal animal shelter providing animal control and adoption services. New state-of-the-art facility anticipated to open in 2028.
146,Colorado,CO,HSSPV - Humane Society of the South Platte Valley,Humane Society,info@hsspv.org,(303) 703-2938,https://hsspv.org,3595 S Sheridan Boulevard,Denver,80235,"Non-profit animal shelter serving Cherry Hills Village, Columbine Valley, Englewood, and Littleton in the south Denver metro area."
147,Colorado,CO,National Mill Dog Rescue,Rescue,info@nmdr.org,(719) 445-6787,https://nmdr.org,"321 S Nevada Avenue, Suite 3",Colorado Springs,80903,"Mission to rescue, rehabilitate, and rehome discarded breeding dogs and educate the public about commercial dog breeding."
148,Colorado,CO,Animal Rescue of the Rockies,Rescue,info@arrcolorado.org,,https://arrcolorado.org,,Denver,80202,Foster-based animal rescue pulling homeless dogs and cats from overcrowded shelters and placing them in foster homes until forever homes are found.
149,Colorado,CO,L.O.L.A.'s Rescue,Rescue,info@lolasrescue.com,(303) 663-9000,https://lolasrescue.com,865 N 2nd Avenue,Brighton,80601,"Volunteer non-profit focusing on animals from high-kill shelters and at-risk animals in abuse, neglect, and abandonment situations."
150,Colorado,CO,Routt County Humane Society,Humane Society,info@routthumane.org,(970) 879-7247,https://routthumane.org,2155 Resort Drive,Steamboat Springs,80487,Serving Routt County with animal shelter and adoption services in the Steamboat Springs area.
151,Colorado,CO,Colorado Pet Pantry,Nonprofit,info@coloradopetpantry.org,(303) 818-0618,https://coloradopetpantry.org,,Denver,80202,"Temporarily feeds Colorado pets, helping families care for pets with the goal of keeping them out of shelters."
152,Colorado,CO,Humane Society of Weld County,Humane Society,info@hswc.net,(970) 506-9550,https://hswc.net,718 N 11th Avenue,Greeley,80631,"Serving Weld County with animal shelter, adoption services, and community programs."
153,Colorado,CO,Denver Animal Shelter,Animal Control,das@denvergov.org,(720) 913-1311,https://denvergov.org/Government/Agencies-Departments-Offices/Denver-Animal-Shelter,1241 W Bayaud Avenue,Denver,80223,City and County of Denver municipal animal shelter providing animal control and adoption services.
154,Colorado,CO,Colorado Humane Society,Humane Society,info@coloradohumane.org,(303) 781-5959,https://coloradohumane.org,,Denver,80202,Statewide humane society serving multiple counties across Colorado with animal welfare services.
155,Colorado,CO,Angels with Paws,Rescue,info@angelswithpaws.net,(303) 274-2264,https://angelswithpaws.net,2460 W 2nd Avenue,Denver,80223,Cat rescue organization serving the Denver metro area with adoption services.
156,Colorado,CO,Humane Society of Aurora,Humane Society,info@humanesocietyofaurora.org,,http://www.humanesocietyofaurora.org,,Aurora,80011,501(c)3 charitable organization assisting regional animal rescues and providing resources for pet owners in need.
157,Colorado,CO,Buddy Center - Humane Colorado,Humane Society,info@ddfl.org,(303) 751-5772,https://humanecolorado.org,4556 Castleton Court,Castle Rock,80109,Humane Colorado satellite location serving Douglas County with animal adoption services.
158,Colorado,CO,Colorado Reptile Humane Society,Rescue,info@corhs.org,(303) 776-2070,https://corhs.org,,Longmont,80501,"Improves the lives of reptiles through education, sheltering, conservation, and rehabilitation programs."
159,Colorado,CO,Pueblo Animal Services,Animal Control,animalservices@pueblo.us,(719) 544-3005,https://www.pueblo.us/256/Animal-Services,301 N Grand Avenue,Pueblo,81003,City of Pueblo municipal animal services providing animal control and shelter services.
160,Colorado,CO,No Kill Colorado,Nonprofit,info@nokillcolorado.org,,https://www.nokillcolorado.org,,Denver,80202,"Nonprofit dedicated to ensuring every healthy and treatable animal has a chance to live, working with shelters, rescues, and lawmakers to end unnecessary euthanasia."
161,Connecticut,CT,Connecticut Humane Society - Newington,Humane Society,info@cthumane.org,(800) 452-0114,https://cthumane.org,701 Russell Road,Newington,06111,"Established in 1881, Connecticut's oldest and most comprehensive animal welfare organization. The leading resource for companion animal welfare through adoption services, medical care, education, and prevention of cruelty."
162,Connecticut,CT,Connecticut Humane Society - Westport,Humane Society,info@cthumane.org,(800) 452-0114,https://cthumane.org,455 Post Road East,Westport,06880,"Westport location of Connecticut Humane Society providing adoption services, veterinary care, and community programs for Fairfield County."
163,Connecticut,CT,Connecticut Humane Society - Quaker Hill,Humane Society,info@cthumane.org,(800) 452-0114,https://cthumane.org,169 Old Colchester Road,Quaker Hill,06375,Eastern Connecticut location of Connecticut Humane Society serving New London County and surrounding areas.
164,Connecticut,CT,Protectors of Animals,Rescue,poaplacement@gmail.com,(860) 569-0722,https://poainc.org,"144 Main Street, Unit O",East Hartford,06118,"501c3 non-profit no-kill shelter formed in 1975 to rescue abandoned, abused and stray cats and dogs. All volunteer, all donation organization."
165,Connecticut,CT,The Animal Haven,Shelter,theanimalhavenstaff@gmail.com,(203) 239-2641,https://theanimalhavenct.org,89 Mill Road,North Haven,06473,"No-kill animal shelter operating since 1948, providing humane refuge to homeless, abandoned and surrendered cats and dogs."
166,Connecticut,CT,Danbury Animal Welfare Society (DAWS),Rescue,info@daws.org,(203) 744-3297,https://daws.org,147 Grassy Plain Street,Bethel,06801,"Non-profit, volunteer-run, no-kill animal shelter promoting responsible pet guardianship and working to end animal overpopulation through education and programs."
167,Connecticut,CT,SPCA of Connecticut,Spca,info@spcact.org,(203) 445-9978,http://www.spcact.org,359 Spring Hill Road,Monroe,06468,"Connecticut SPCA providing animal welfare services including adoption, rescue, and community education."
168,Connecticut,CT,Meriden Humane Society,Humane Society,info@meridenhumanesocietyrescue.com,(203) 238-3650,https://www.meridenhumanesocietyrescue.com,311 Murdock Avenue,Meriden,06450,"Founded in 1893, non-profit no-kill animal shelter and rescue facility serving Connecticut."
169,Connecticut,CT,PAWS - Pet Animal Welfare Society,Rescue,info@pawsct.org,(203) 750-9572,https://www.pawsct.org,504 Main Avenue,Norwalk,06851,"Helping animals in need since 1962 with dedicated staff and volunteers providing shelter, medical attention, and love to dogs and cats."
170,Connecticut,CT,New Haven Animal Shelter,Animal Control,animalshelter@newhavenct.gov,(203) 946-8110,https://www.newhavenct.gov/government/departments-divisions/animal-shelter-division,81 Fournier Street,New Haven,06513,Robin I. Kroogman New Haven Animal Shelter serving the city of New Haven with animal control and adoption services.
171,Connecticut,CT,Friends of the New Haven Animal Shelter,Nonprofit,info@findafriendforlife.org,,https://www.findafriendforlife.org,,New Haven,06513,Nonprofit supporting the New Haven Animal Shelter through fundraising and volunteer programs.
172,Connecticut,CT,Animal Friends of Connecticut,Rescue,info@afoc.org,(860) 827-0381,https://afoc.org,68 Camp Street,New Britain,06051,"Non-profit, no-kill rescue and shelter serving the local community in New Britain and central Connecticut."
173,Connecticut,CT,NECCOG Animal Services,Animal Control,info@neccoganimalservices.org,(860) 774-1253,https://neccoganimalservices.org,125 Putnam Pike,Dayville,06241,"Regional animal services program serving 20 towns in northeastern Connecticut. Found homes for more than 13,000 pets since 2003."
174,Connecticut,CT,Rose Hope Animal Refuge,Rescue,info@rosehope.org,(203) 597-1236,,475 Bank Street (Waterbury PetSmart),Waterbury,06708,"Small non-profit no-kill animal rescue, strictly volunteer organization with adoption center in Waterbury PetSmart."
175,Connecticut,CT,New Fairfield-Sherman Animal Welfare Society (NFSAW),Rescue,info@nfsaw.org,,https://www.nfsaw.org,223 State Route 37,New Fairfield,06812,"Non-profit organization dedicated to animal welfare offering adoption, foster, volunteer, and donation opportunities."
176,Connecticut,CT,Compassion For Cats of New London County,Rescue,info@compassionforcatsnlc.com,,https://compassionforcatsnlc.com,,Lisbon,06351,"100% volunteer-run cat shelter using all donations for cats including food, litter, and medical care."
177,Connecticut,CT,Connecticut Cat Connection,Rescue,info@ctcatconnection.org,(860) 313-9223,https://ctcatconnection.org,,Hartford,06103,Cat rescue organization serving the Hartford area with adoption and community cat programs.
178,Connecticut,CT,Hearts United Cat Rescue,Rescue,info@heartsunitedcatrescue.org,,https://heartsunitedcatrescue.org,,Hartford,06103,"Non-profit, all volunteer, no-kill rescue group whose mission is to unite families and felines."
179,Connecticut,CT,Second Chance Animal Rescue of Connecticut,Rescue,info@secondchanceanimalrescuect.org,,,,Connecticut,06001,Verified no-kill shelter providing rescue and adoption services across Connecticut.
180,Connecticut,CT,OakTree Crew,Rescue,info@oaktreecrew.org,,https://www.oaktreecrew.org,,Connecticut,06001,"Companion animal rescue focusing on unwanted, abandoned, stray and feral feline population within the community."
181,Connecticut,CT,Save All Dogs Rescue,Rescue,info@savealldogsrescue.org,,https://savealldogsrescue.org,,Hartford,06103,Dog rescue organization serving the Hartford area with adoption and rescue services.
182,Connecticut,CT,Ridgefield Operation for Animal Rescue (ROAR),Rescue,info@roar-ridgefield.org,(203) 438-0158,https://roar-ridgefield.org,45 South Street,Ridgefield,06877,"Community-based nonprofit providing animal rescue, adoption, and welfare services in Ridgefield and surrounding areas."
183,Connecticut,CT,Whiskers Pet Rescue,Rescue,info@whiskerspetrescue.org,,https://whiskerspetrescue.org,,Southbury,06488,Pet rescue organization serving the Southbury area with adoption services.
184,Connecticut,CT,Friends of Feral Felines,Rescue,info@friendsofferalfelines.org,,,,East Lyme,06333,Animal shelter founded in 1997 focusing on feral and community cat welfare.
185,Connecticut,CT,The No Kill Project,Rescue,info@thenokillproject.org,,,,New Fairfield,06812,"Non-profit 501c(3) facilitating the creation of a no-kill society through education, advocacy, sterilization, rescue and adoption."
186,Delaware,DE,Humane Animal Partners - Wilmington,Humane Society,info@humaneanimalpartners.org,(302) 571-0111,https://www.humaneanimalpartners.org,701 A Street,Wilmington,19801,No-kill animal shelter formed in 2022 from merger of Delaware Humane Association and Delaware SPCA. Offers low-cost vet care and adoption services.
187,Delaware,DE,Humane Animal Partners - Stanton,Humane Society,info@humaneanimalpartners.org,(302) 998-2281,https://www.humaneanimalpartners.org,455 Stanton Christiana Road,Newark,19713,"Stanton/Newark location of Humane Animal Partners providing shelter, adoption, and low-cost veterinary services."
188,Delaware,DE,Humane Animal Partners - Rehoboth Beach,Humane Society,info@humaneanimalpartners.org,(302) 200-7159,https://www.humaneanimalpartners.org,18675 Coastal Highway,Rehoboth Beach,19971,Sussex County location serving the Rehoboth Beach area with adoption and animal welfare services.
189,Delaware,DE,Brandywine Valley SPCA - New Castle,Spca,info@bvspca.org,(302) 516-1002,https://bvspca.org,290 Churchmans Road,New Castle,19720,Copeland Center campus striving to end animal suffering and empower communities. Delaware contracts with BVSPCA for statewide animal welfare services.
190,Delaware,DE,Brandywine Valley SPCA - Georgetown,Spca,info@bvspca.org,(302) 856-6361,https://bvspca.org,22918 Dupont Boulevard,Georgetown,19947,"Georgetown campus serving Sussex County with animal shelter, adoption, and welfare services."
191,Delaware,DE,Brandywine Valley SPCA - Animal Rescue Center,Spca,info@bvspca.org,(302) 856-6361,https://bvspca.org,19022 Shingle Point Road,Georgetown,19947,Animal Rescue Center in Georgetown area providing rescue operations and animal health services.
192,Delaware,DE,Faithful Friends Animal Society,Rescue,info@faithfulfriends.us,(302) 427-8514,https://faithfulfriends.us,165 Airport Road,New Castle,19720,Private nonprofit with no-kill shelter and community veterinary clinic. All animals stay until placed in new homes. Pet Life Line available for guidance.
193,Delaware,DE,First State Animal Center and SPCA,Spca,info@fsac-spca.org,(302) 943-6032,https://fsac-spca.org,32 Shelter Circle,Camden,19934,501(c)(3) nonprofit providing animal control for entire state except Wilmington. Only Delaware shelter that can house large animals. Offers 24-hour dispatch service.
194,Delaware,DE,Forgotten Cats,Rescue,info@forgottencats.org,(302) 428-2287,https://forgottencats.org,,Wilmington,19801,"Founded in 2003, leading TNVR nonprofit in the region servicing DE, PA, MD, and NJ. Specializes in humanely reducing homeless cat population."
195,Delaware,DE,Safe Haven Cat Sanctuary,Sanctuary,info@safehavencatsanctuary.com,,https://safehavencatsanctuary.com,,Delaware,19901,"Home to feral cats without safe places to live, providing lifelong perpetual care. Focuses on socialization, vetting, and adoption of kittens born to feral cats."
196,Delaware,DE,Safe Haven Animal Sanctuary of Sussex County,Sanctuary,,,,,Sussex County,19947,No-kill animal sanctuary serving Sussex County with rescue and rehoming services.
197,Delaware,DE,Purrfect Haven Cat Rescue,Rescue,info@purrfecthavencatrescue.org,,https://www.purrfecthavencatrescue.org,,Delaware,19901,Cat rescue organization serving Delaware with adoption and rescue services.
198,Delaware,DE,Coastal Cats Rescue of Delaware,Rescue,,,,,Bethany Beach,19930,Cat rescue organization serving the Bethany Beach and Sussex County coastal area.
199,Delaware,DE,Sussex County Animal Association / Whimsical Cats,Rescue,,,,,Seaford,19973,Animal association and cat rescue serving Sussex County in Seaford area.
200,Delaware,DE,Homeless Cat Helpers,Rescue,,,,,Seaford,19973,Cat rescue organization helping homeless cats in the Seaford and Sussex County area.
201,Florida,FL,Jacksonville Humane Society,Humane Society,info@jaxhumane.org,(904) 725-8766,https://jaxhumane.org,8464 Beach Boulevard,Jacksonville,32216,"Local independent 501c3 nonprofit caring for nearly 9,000 dogs and cats yearly. Offers adoption, low-cost vet care, training classes, and youth programs."
202,Florida,FL,Pet Alliance of Greater Orlando,Humane Society,info@petallianceorlando.org,(407) 351-7722,https://petallianceorlando.org,777 W Central Boulevard,Orlando,32805,"One of the region's oldest and largest animal welfare agencies since 1937. Formerly SPCA of Central Florida. Finds homes for 10,000+ pets yearly with no time limit policy."
203,Florida,FL,Humane Society of Tampa Bay,Humane Society,info@humanesocietytampa.org,(813) 876-7138,https://humanesocietytampa.org,3607 N Armenia Avenue,Tampa,33607,"Established in 1912 as Hillsborough County Humane Society, one of Florida's oldest corporations. Offers adoptions, low-cost vet care, and Pet Pantry program."
204,Florida,FL,Humane Society of Greater Miami,Humane Society,info@humanesocietymiami.org,(305) 696-0800,https://www.humanesocietymiami.org,16101 W Dixie Highway,North Miami Beach,33160,"Helping homeless animals in Miami-Dade since 1936. Limited admit, adoption guarantee facility caring for 300+ animals daily. Offers low-cost spay/neuter."
205,Florida,FL,Humane Society of Broward County,Humane Society,info@humanebroward.com,(954) 989-3977,https://humanebroward.com,2070 Griffin Road,Fort Lauderdale,33312,"Founded in 1944, providing shelter, aid and responsible adoptions while educating the community about respect and kindness to all animals."
206,Florida,FL,SPCA Florida,Spca,info@spcaflorida.org,(863) 646-7722,https://www.spcaflorida.org,5850 Brannen Road South,Lakeland,33813,"Founded in 1979, independent nonprofit dedicated to improving lives of pets and people in Polk County and surrounding areas."
207,Florida,FL,Peggy Adams Animal Rescue League,Rescue,info@peggyadams.org,(561) 686-6656,https://peggyadams.org,3100 N Military Trail,West Palm Beach,33409,"Since 1925, providing shelter to homeless animals, spay/neuter services, and finding quality homes for companion animals in Palm Beach County."
208,Florida,FL,Humane Society of Pinellas,Humane Society,info@humanesocietyofpinellas.org,(727) 797-7722,https://www.humanesocietyofpinellas.org,3040 State Road 590,Clearwater,33759,Strives to connect pets and people and help keep them together by providing resources and programs for those in need.
209,Florida,FL,SPCA Tampa Bay,Spca,info@spcatampabay.org,(727) 586-3591,https://spcatampabay.org,9099 130th Avenue North,Largo,33773,"Only open-admission animal shelter and public veterinary center in Pinellas County. Cares for 8,000+ animals annually including injured wildlife."
210,Florida,FL,Gulf Coast Humane Society,Humane Society,info@gulfcoasthumanesociety.org,(239) 332-0364,https://gulfcoasthumanesociety.org,2010 Arcadia Street,Fort Myers,33916,501(c)3 nonprofit no-kill animal welfare organization established in 1947 serving Southwest Florida.
211,Florida,FL,Florida Humane Society,Humane Society,info@floridahumanesociety.org,(954) 974-6152,https://floridahumanesociety.org,3870 N Powerline Road,Pompano Beach,33073,Nonprofit animal shelter with main location in Pompano Beach and satellite locations in Coral Springs and Boca Raton PetSmart stores.
212,Florida,FL,First Coast No More Homeless Pets,Nonprofit,info@fcnmhp.org,(904) 425-0005,https://fcnmhp.org,6817 Norwood Avenue,Jacksonville,32208,501(c)3 nonprofit ending the killing of dogs and cats in shelters through spay/neuter programs and community initiatives in Northeast Florida.
213,Florida,FL,South Florida SPCA,Spca,info@spca-sofla.org,(305) 825-8826,https://spca-sofla.org,16701 SW 184th Street,Miami,33187,"Private nonprofit 501(c)(3) dedicated to rescue, rehabilitation and adoption of abused, neglected and abandoned horses and livestock."
214,Florida,FL,Pet Pal Animal Shelter,Rescue,info@petpalanimalshelter.com,(727) 328-7738,https://petpalanimalshelter.com,405 22nd Street South,St. Petersburg,33712,No-kill animal shelter serving the St. Petersburg area with adoption and rescue services.
215,Florida,FL,Friends of Strays,Rescue,info@friendsofstrays.org,(727) 522-6566,https://friendsofstrays.org,2911 47th Avenue North,St. Petersburg,33714,No-kill cat sanctuary serving the St. Petersburg area with rescue and adoption services.
216,Florida,FL,UFAR - United For Animals Rescue,Rescue,info@ufarescue.org,,https://ufarescue.org,,Fort Lauderdale,33301,"No-kill pet rescue providing food, shelter, medical care. Rescued 856 pets in 2023 and currently shelters over 300 pets."
217,Florida,FL,Barky Pines Animal Rescue & Sanctuary,Sanctuary,info@barkypinesanimalrescue.com,(561) 305-5515,https://barkypinesanimalrescue.com,,Palm Beach,33480,"501(c)(3) nonprofit no-kill rescue dedicated to homeless, special needs, and senior pets in Palm Beach County."
218,Florida,FL,Operation Liberation,Rescue,info@operationliberation.org,,https://www.operationliberation.org,,Fort Lauderdale,33301,"Dedicated to rescuing, rehabilitating and finding permanent homes for animals in South Florida."
219,Florida,FL,Humane Society of Sumter County,Humane Society,info@hsspca.org,(352) 793-9117,https://hsspca.org,994 County Road 529A,Lake Panasoffkee,33538,Dedicated to supporting the health and well-being of animals in Sumter County while providing education.
220,Florida,FL,Pet Alliance of Greater Orlando - Sanford,Humane Society,info@petallianceorlando.org,(407) 323-8685,https://petallianceorlando.org,2800 County Home Road,Sanford,32773,Sanford location of Pet Alliance of Greater Orlando serving Seminole County with adoption services.
221,Florida,FL,Miami-Dade Animal Services,Animal Control,animals@miamidade.gov,(305) 884-1101,https://www.miamidade.gov/global/animals/home.page,3599 NW 79th Avenue,Doral,33166,"Miami-Dade County animal services providing animal control, shelter, and adoption services for the county."
222,Florida,FL,Orange County Animal Services,Animal Control,animalservices@ocfl.net,(407) 836-3111,https://www.ocfl.net/AnimalServices/,2769 Conroy Road,Orlando,32839,Orange County government animal services providing shelter and adoption services for Orlando area.
223,Florida,FL,Hillsborough County Pet Resource Center,Animal Control,petresources@hillsboroughcounty.org,(813) 744-5660,https://www.hillsboroughcounty.org/en/residents/animals-and-pets,440 N Falkenburg Road,Tampa,33619,"Hillsborough County animal services providing shelter, adoption, and pet resource services for Tampa area."
224,Florida,FL,Palm Beach County Animal Care and Control,Animal Control,animalcare@pbcgov.org,(561) 233-1200,https://discover.pbcgov.org/publicsafety/animalcare/,7100 Belvedere Road,West Palm Beach,33411,Palm Beach County animal services providing shelter and adoption services for the county.
225,Florida,FL,Brevard County Sheriff Animal Services,Animal Control,animalservices@bcso.us,(321) 633-2024,https://www.brevardsheriff.com/home/departments/animal-services/,5100 W Eau Gallie Boulevard,Melbourne,32934,Brevard County animal services providing shelter and adoption services for the Space Coast area.
226,Georgia,GA,Atlanta Humane Society,Humane Society,info@atlantahumane.org,(404) 875-5331,https://atlantahumane.org,981 Howell Mill Road NW,Atlanta,30318,"No-kill animal welfare organization aiming to better lives, instill compassion, and uplift the community. Operates multiple locations across metro Atlanta including Mansell and Marietta campuses."
227,Georgia,GA,LifeLine Animal Project,Nonprofit,info@lifelineanimal.org,(404) 292-8800,https://lifelineanimal.org,3180 Presidential Drive,Atlanta,30340,"The largest animal welfare organization in Georgia, helping over 45,000 pets annually. Manages DeKalb and Fulton County Animal Services with mission to end euthanasia of healthy and treatable animals."
228,Georgia,GA,Fulton County Animal Services,Animal Control,fultonanimalservices@fultoncountyga.gov,(404) 613-0357,https://fultonanimalservices.com,1251 Fulton Industrial Boulevard NW,Atlanta,30336,"Open-intake shelter serving metro Atlanta and all of Fulton County. Managed by LifeLine Animal Project with about 18,000 animals annually."
229,Georgia,GA,DeKalb County Animal Services,Animal Control,animalservices@dekalbcountyga.gov,(404) 294-2165,https://dekalbanimalservices.com,3280 Chamblee Dunwoody Road,Chamblee,30341,DeKalb County's open-intake shelter partnering with LifeLine Animal Project to provide free veterinary care to DeKalb County residents' pets.
230,Georgia,GA,Furkids,Rescue,info@furkids.org,(770) 613-0880,https://furkids.org,5235 Union Hill Road,Cumming,30040,"Georgia's largest no-kill animal shelter and rescue organization. Operates a 24,000 square foot headquarters, cat shelter, dog shelter, and multiple adoption centers."
231,Georgia,GA,PAWS Atlanta,Rescue,info@pawsatlanta.org,(770) 593-1155,https://www.pawsatlanta.org,5287 Covington Highway,Decatur,30035,The oldest no-kill shelter in Georgia with mission to build a community of caring by people helping pets and pets helping people.
232,Georgia,GA,Angels Among Us Pet Rescue,Rescue,info@angelsrescue.org,(877) 404-5874,https://angelsrescue.org,,Atlanta,30309,"501(c)(3) nonprofit volunteer-based organization that has rescued 23,000+ animals since 2009. Operates through a network of foster homes in north metro Atlanta area."
233,Georgia,GA,Good Mews Animal Foundation,Rescue,info@goodmews.org,(770) 499-1227,https://www.goodmews.org,3805 Robinson Road NE,Marietta,30068,"One of the few virtually cage-free, no-kill cat shelters in Georgia and the first in metro Atlanta. 2024 Best of Cobb Cat Adoption Center and low-cost spay/neuter clinic."
234,Georgia,GA,Humane Society of Cobb County,Humane Society,info@humanecobb.com,(770) 428-5678,https://humanecobb.com,148 S Fairground Street SE,Marietta,30060,Independent 501(c)(3) no-kill shelter providing assistance to animals and pet owners in Cobb County. Recently partnered with Atlanta Humane Society family.
235,Georgia,GA,Cobb County Animal Services,Animal Control,animalservices@cobbcounty.gov,(770) 499-4136,https://www.cobbcounty.gov/animal-services,1060 Al Bishop Drive,Marietta,30008,"Cobb County government animal services enforcing state laws and county ordinances, providing housing and care for homeless animals."
236,Georgia,GA,Mostly Mutts Animal Rescue,Rescue,info@mostlymutts.org,(770) 272-2177,https://www.mostlymutts.org,2580 Calvary Church Road,Kennesaw,30152,Voted Best Animal Rescue by Cobb County residents. 2025 grantee of The Grey Muzzle Organization supporting lifesaving efforts for senior dogs.
237,Georgia,GA,Gwinnett County Animal Welfare and Enforcement,Animal Control,animalfoster@gwinnettcounty.com,(770) 339-3200,https://www.gwinnettcounty.com/departments/communityservices/animalwelfareenforcement/animalshelter,884 Winder Highway,Lawrenceville,30045,"Bill Atkinson Animal Welfare Center is an open-admissions shelter accepting lost, stray, or surrendered animals, striving to find adoptive families and foster homes."
238,Georgia,GA,Clayton County Humane Society & SPCA,Humane Society,info@claytoncountyhumane.org,(770) 471-9436,https://www.claytoncountyhumane.org,7810 N McDonough Street,Jonesboro,30236,"No-kill animal rescue facility operating in southern metro-Atlanta. 501(c)(3) organization providing shelter, medical care, and sterilization prior to adoption."
239,Georgia,GA,Cherokee County Animal Shelter,Animal Control,animalshelter@cherokeega.com,(770) 345-7270,https://www.cherokeecountyga.gov/animal-shelter/,1015 Univeter Road,Canton,30115,"Committed to providing superior service to animals and citizens through shelter work, education, and outreach programs to reduce homeless animals."
240,Georgia,GA,Humane Society for Greater Savannah,Humane Society,info@humanesocietysav.org,(912) 354-9515,https://www.humanesocietysav.org,7215 Sallie Mood Drive,Savannah,31406,Savannah's primary humane society providing adoption services and animal welfare programs for the greater Savannah area.
241,Georgia,GA,Coastal Pet Rescue,Rescue,info@coastalpetrescue.org,(912) 228-3538,https://www.coastalpetrescue.org,7430 Thomas Avenue,Savannah,31406,Animal rescue organization serving the coastal Georgia region with adoption and rescue services.
242,Georgia,GA,Renegade Paws Rescue,Rescue,info@renegadepawsrescue.org,(912) 570-5032,https://renegadepawsrescue.org,,Savannah,31401,Savannah-area animal rescue focused on saving and rehoming pets in the coastal Georgia region.
243,Georgia,GA,Augusta Animal Services,Animal Control,animalservices@augustaga.gov,(706) 790-6836,https://www.augustaga.gov/586/Animal-Services,4164 Mack Lane,Augusta,30906,"Enforces state laws and local ordinances pertaining to animal care and control, providing humane solutions through return to owner, adoption, rescue, and foster efforts."
244,Georgia,GA,PAWS Humane,Humane Society,adoptions@pawshumane.org,(706) 565-0035,https://pawshumane.org,4900 Milgen Road,Columbus,31907,Columbus area humane society providing adoption services and animal welfare programs for the Chattahoochee Valley region.
245,Georgia,GA,Heart of Georgia Humane Society,Humane Society,info@heartofgahumane.org,(478) 477-7060,https://heartofgahumane.org,,Macon,31201,Non-profit 501(c)(3) rescuing death row animals from Macon Animal Control and Baldwin County Animal Control with goal to eliminate euthanasia through spay/neuter.
246,Georgia,GA,All About Animals Rescue,Rescue,info@allaboutanimalsrescue.com,(478) 621-2287,https://allaboutanimalsrescue.com,,Macon,31210,No-kill animal shelter in Macon that gives dogs and cats a home until permanent homes can be found.
247,Georgia,GA,Athens Area Humane Society,Humane Society,info@athenshumanesociety.org,(706) 425-0905,https://athenshumanesociety.org,400 Huntington Road,Athens,30606,"Rescues and protects companion animals by providing for their wellbeing, uniting them with loving homes, and advocating for a compassionate society. Operates adoption center and spay/neuter clinic."
248,Georgia,GA,Fayette County Humane Society,Humane Society,info@fayettehumane.org,(770) 487-1073,https://fayettehumane.org,164 Robinson Road,Tyrone,30290,"501(c)(3) animal rescue organization offering dog, cat, kitten, and puppy foster, adoption, and TNVR services in Fayette County."
249,Georgia,GA,Royal Animal Refuge,Rescue,info@royalanimalrefuge.org,,https://royalanimalrefuge.org,,Tyrone,30290,"Promotes animal welfare and responsible pet ownership, finding homes for unwanted pets and providing humane care. Launched Royal Canine & Co. pet store with proceeds supporting rescue work."
250,Georgia,GA,Georgia Humane Society,Humane Society,info@georgiahumane.org,,https://georgiahumane.org,,Atlanta,30309,Statewide organization dedicated to eliminating the killing of healthy animals by implementing and promoting the no-kill equation throughout Georgia.
251,Hawaii,HI,Hawaiian Humane Society,Humane Society,info@hawaiianhumane.org,(808) 356-2200,https://www.hawaiianhumane.org,2700 Waialae Avenue,Honolulu,96826,Promotes human-animal bond and humane treatment of all animals. Operates Moiliili Campus and Kosasa Family Campus at Hoopili. Offers spay/neuter services and animal home programs.
252,Hawaii,HI,Oahu SPCA,Spca,info@oahuspca.org,(808) 797-0205,https://oahuspca.org,45-115 Waikalua Road,Kaneohe,96744,"Founded in 2008, dedicated to rescuing Oahu's homeless pets. Rescues, rehabilitates, and rehomes 15+ dogs and cats weekly, caring for approximately 45 dogs and 75 cats daily."
253,Hawaii,HI,Hawaii SPCA,Spca,info@thehawaiispca.org,(808) 792-6740,https://www.thehawaiispca.org,,Waianae,96792,"Legitimate 501(c)(3) nonprofit animal charity granted status in 2014. Born out of compassion for animals in need on Oahu, serving the Waianae community."
254,Hawaii,HI,Poi Dogs & Popoki,Rescue,adoptions@poidogsandpopoki.org,(808) 551-7915,https://poidogsandpopoki.org,,Honolulu,96816,"Volunteer-run foster-based rescue for 16 years, one of the most respected on Oahu. Finds homes for 700-800 cats yearly and performs TNR for 4,000 outdoor cats annually. Name means mixed-breed dogs and cats in Hawaiian."
255,Hawaii,HI,Hawaii Island Humane Society - Keaau,Humane Society,info@hihs.org,(808) 966-5458,https://www.hihs.org,16-873 Keaau-Pahoa Road,Keaau,96749,"Established 1965, nonprofit animal welfare organization serving Hawaii Island. Mission to prevent cruelty, eliminate pet overpopulation, and enhance human-animal bond. Began providing county animal control services in the 1970s."
256,Hawaii,HI,Hawaii Island Humane Society - Kona,Humane Society,info@hihs.org,(808) 329-8002,https://www.hihs.org,73-4598 Mamalahoa Highway,Kailua-Kona,96740,Kona Animal Community Center serving West Hawaii. Expanded to include Waimea and Kailua-Kona services in 1990 at county request.
257,Hawaii,HI,Maui Humane Society,Humane Society,info@mauihumanesociety.org,(808) 877-3680,https://www.mauihumanesociety.org,1350 Mahalani Street,Wailuku,96793,"Maui's primary animal welfare organization providing shelter services, adoptions, and community programs including kitten foster program."
258,Hawaii,HI,Kauai Humane Society,Humane Society,info@kauaihumane.org,(808) 632-0610,https://kauaihumane.org,3-825 Kaumualii Highway,Lihue,96766,"Serving Kauai as the only open-intake animal shelter since 1952. Local independent 501(c)(3) caring for 200-220 animals at Puhi shelter. Performed nearly 3,000 surgeries in 2024."
259,Hawaii,HI,Kauai SPCA,Spca,info@kauaispca.org,,https://www.kauaispca.org,,Lihue,96766,"No-kill, foster and volunteer based animal rescue on the island of Kauai."
260,Hawaii,HI,Kauai Animal Welfare Society (KAWS),Rescue,info@kawsanimals.org,,https://www.kawsanimals.org,,Lihue,96766,Dog and cat rescue and sanctuary on Kauai. Volunteers assist residents in helping homeless pets. Building Kauai Cat Haven sanctuary to house hundreds of cats.
261,Hawaii,HI,KARES - Kohala Animal Relocation and Education Services,Rescue,info@kareshawaii.org,(808) 333-4774,https://www.kareshawaii.org,,Kohala,96755,"Dedicated to rescue of abandoned, abused and stray animals on the Big Island of Hawaii. Rehabilitates and finds foster or adoption homes."
262,Hawaii,HI,Popoki Place Oahu Cat Sanctuary,Sanctuary,info@popokiplace.org,,https://popokiplace.org,,Honolulu,96826,Cat sanctuary on Oahu dedicated to providing care for homeless and special needs cats.
263,Hawaii,HI,Pure Love Animal Sanctuary,Sanctuary,info@purelovesanctuary.org,,,,Waimanalo,96795,"No-kill refuge in Waimanalo dedicated to nurturing injured animals and providing them a peaceful, loving home."
264,Hawaii,HI,Fur-Angel Foundation,Rescue,info@furangel.org,,,,Honolulu,96816,Animal welfare organization serving the Honolulu area with rescue and adoption services.
265,Hawaii,HI,Hawai'i Dog Foundation,Rescue,info@hawaiidogfoundation.org,,,,Honolulu,96816,No-kill dog rescue organization serving the state of Hawaii.
266,Iowa,IA,Animal Rescue League of Iowa,Rescue,info@arl-iowa.org,(515) 262-9503,https://arl-iowa.org,5452 NE 22nd Street,Des Moines,50313,"Iowa's largest nonprofit animal shelter since 1926, helping more than 1 million pets. Ranked in top ten for Most Influential Nonprofit by Business Record. Programs include adoption, education, training, spay/neuter, and cruelty intervention."
267,Iowa,IA,Furry Friends Refuge,Rescue,info@furryfriendsrefuge.org,(515) 223-0609,https://furryfriendsrefuge.org,3800 SE Convenience Boulevard,West Des Moines,50023,"Assists all area animals in need through adoptions, spay/neuter, community outreach, and humane education. Partners with WestPet Animal Control for West Des Moines, Clive, and Urbandale."
268,Iowa,IA,Cedar Valley Humane Society,Humane Society,info@cvhumane.org,(319) 362-6288,https://www.cvhumane.org,7411 Mount Vernon Road SE,Cedar Rapids,52403,"501(c)(3) nonprofit helping over 2,000 animals every year find their forever homes."
269,Iowa,IA,Humane Society of Scott County,Humane Society,info@hssc.us,(563) 388-6655,https://hssc.us,2532 Mississippi Boulevard,Bettendorf,52722,"Nonprofit open admission animal shelter serving Scott County including Davenport, Bettendorf, and Quad Cities area. Open daily 8am-5pm including weekends."
270,Iowa,IA,Siouxland Humane Society,Humane Society,info@siouxlandhumanesociety.org,(712) 252-2614,https://siouxlandhumanesociety.org,1015 Tri-View Avenue,Sioux City,51103,"Siouxland's only open admission full service shelter, caring for thousands of pets each year. Finds forever homes for 100% of adoptable pets."
271,Iowa,IA,Noah's Hope Animal Rescue,Rescue,info@noahshopeanimalrescue.com,,https://www.noahshopeanimalrescue.com,,Sioux City,51104,"Rescues, rehabilitates, and finds loving homes for abandoned and neglected animals in the Sioux City area."
272,Iowa,IA,Iowa City Animal Services,Animal Control,info@icanimalcenter.org,(319) 356-5295,https://icanimalcenter.org,3910 Napoleon Street SE,Iowa City,52240,"Open for walk-in business including licensing, animal permits, and dog park passes. Provides animal adoption services."
273,Iowa,IA,Humane Society of Northwest Iowa,Humane Society,info@humanesocietyofnwia.com,(712) 338-4597,https://www.humanesocietyofnwia.com,20823 Highway 71,Spencer,51301,"Nonprofit animal shelter serving Dickinson, Clay, Emmet, Palo Alto, O'Brien and Osceola counties. Promotes ethical and humane treatment of all animals."
274,Iowa,IA,Humane Society of Northeast Iowa,Humane Society,info@hsnei.org,(563) 382-9131,https://www.hsnei.org,2107 Business Highway 9,Decorah,52101,Humane society serving Northeast Iowa with animal welfare services and adoption programs.
275,Iowa,IA,Midlands Humane Society,Humane Society,info@midlandshumanesociety.org,(712) 396-2270,https://midlandshumanesociety.org,1020 Railroad Avenue,Council Bluffs,51503,"First humane society in Council Bluffs, opened 2015. Comprehensive animal welfare center with 200+ animals in care daily. Supports Pottawattamie County."
276,Iowa,IA,Dubuque Regional Humane Society,Humane Society,info@dbqhumane.org,(563) 582-6766,https://www.dbqhumane.org,4242 Chavenelle Road,Dubuque,52002,"Protects and promotes animal well-being by fostering respect for their dignity. Offers lost & found, Hadley's Dog Park, Vets Need Pets program."
277,Iowa,IA,S.A.I.N.T. Cat Rescue & Adoption,Rescue,info@saintcatrescue.org,,https://saintcatrescue.org,,Cedar Rapids,52402,No-Kill Verified cat rescue organization serving the Cedar Rapids area.
278,Iowa,IA,Gems Forever Animal Rescue,Rescue,info@gemsforeveranimalrescue.org,,,,Cedar Rapids,52401,Animal rescue organization founded in 2016 serving the Cedar Rapids area.
279,Iowa,IA,Pottawattamie County Animal Shelter,Animal Control,animalshelter@pottcounty.com,(712) 890-2525,,,Council Bluffs,51501,"County animal shelter. Adoption fee $120 includes spay/neuter, microchip, all vaccinations, deworming, and heartworm test."
280,Iowa,IA,It Takes A Village Animal Rescue,Rescue,info@ittakesavillage.org,(515) 279-4452,https://ittakesavillage.org,4221 Hubbell Avenue,Des Moines,50317,Animal rescue organization serving the Des Moines metro area with adoption and rescue services.
281,Iowa,IA,AHeinz57 Pet Rescue & Transport,Rescue,info@aheinz57.com,(515) 961-6227,https://aheinz57.com,400 N 5th Street,Indianola,50125,Nonprofit pet rescue and transport organization serving central Iowa.
282,Iowa,IA,Black Hawk Humane Society,Humane Society,info@bhhumane.org,(319) 232-6887,https://bhhumane.org,2590 William Loop,Waterloo,50702,Humane society serving the Waterloo and Cedar Falls area with animal welfare services.
283,Iowa,IA,Story County Animal Shelter,Animal Control,animals@storycountyiowa.gov,(515) 382-5495,https://www.storycountyiowa.gov/161/Animal-Shelter,1228 N Dayton Avenue,Ames,50010,Story County animal shelter serving the Ames area with animal control and adoption services.
284,Iowa,IA,Raccoon Valley Animal Sanctuary & Rescue,Sanctuary,info@raccoonvalleyanimals.org,,https://raccoonvalleyanimals.org,,Dallas Center,50063,Animal sanctuary and rescue serving the Des Moines metro area.
285,Iowa,IA,Linn County Animal Services,Animal Control,animalservices@linncountyiowa.gov,(319) 892-6400,https://www.linncountyiowa.gov/1045/Animal-Services,5201 1st Street SW,Cedar Rapids,52404,Linn County animal services providing animal control and shelter services for Cedar Rapids and surrounding area.
286,Idaho,ID,Idaho Humane Society,Humane Society,info@idahohumanesociety.org,(208) 342-3508,https://idahohumanesociety.org,4775 W Dorman Street,Boise,83705,"Advocates for welfare and responsible care of animals, protects from neglect and cruelty. Provides animal care and control for Boise, Eagle, Kuna, Meridian, and unincorporated Ada County."
287,Idaho,ID,West Valley Humane Society,Humane Society,info@westvalleyhumanesociety.org,(208) 455-5920,https://www.westvalleyhumanesociety.org,5801 Graye Lane,Caldwell,83607,"501(c)(3) serving Canyon County with holistic services including temporary housing, medical care, food support, enrichment, and behavioral modification."
288,Idaho,ID,Meridian Valley Humane Society,Humane Society,info@meridianvalleyhumanesociety.org,,https://www.meridianvalleyhumanesociety.org,,Meridian,83642,Provides community service and personalized care for canines housed at MVHS Canine Rescue.
289,Idaho,ID,Snake River Animal Shelter,Shelter,info@snakeriveranimalshelter.org,(208) 788-4351,https://www.snakeriveranimalshelter.org,500 East Avenue South,Hailey,83333,No-kill nonprofit animal shelter and rescue. Mission to improve and save animal lives by promoting quality care and compassion through adoption and humane education.
290,Idaho,ID,Heart of Idaho Animal Sanctuary,Sanctuary,info@heartofid.org,(208) 520-6505,https://heartofid.org,,Idaho Falls,83402,"Rescues, rehabilitates, finds permanent homes for animals in need. Advocates for animal welfare, humane treatment, and population control. Offers permanent residence to animals."
291,Idaho,ID,Idaho Animal Rescue Network,Rescue,info@idahorescue.org,,https://www.idahorescue.org,,Boise,83702,"Founded 2019 to address critical gap in animal rescue. 501(c)(3) nonprofit offering foster-based care, veterinary support, and outreach. Recognized with Lewiston Police Department Merit Award."
292,Idaho,ID,Bannock Humane Society,Humane Society,bhs.idaho@gmail.com,(208) 232-0371,,,Pocatello,83201,Humane society serving the Pocatello area with companion animal adoption services.
293,Idaho,ID,A2A Rescue,Rescue,info@a2arescue.com,,https://a2arescue.com,,Pocatello,83201,501(c)(3) animal rescue focused on maintaining healthy animal population in Pocatello area. All animals placed in foster homes.
294,Idaho,ID,Bonneville Humane Society,Humane Society,info@bonnevillehumanesociety.org,(208) 522-3271,https://www.bonnevillehumanesociety.org,1925 N Skyline Drive,Idaho Falls,83402,"Rescuing and rehoming animals since 1973. Independent nonprofit funded by donations and on-site Thrift Store. Dedicated to rescue, rehabilitation, and responsible pet ownership."
295,Idaho,ID,Idaho Falls Animal Services,Animal Control,animals@idahofallsidaho.gov,(208) 612-8689,https://www.idahofallsidaho.gov/246/Animal-Services,3185 S Holmes Avenue,Idaho Falls,83402,"Provides top-notch services to City of Idaho Falls, assisting community with animal-related questions and solutions."
296,Idaho,ID,People for Pets - Twin Falls Animal Shelter,Shelter,info@people4pets.com,(208) 736-2299,https://people4pets.com,420 Victory Avenue,Twin Falls,83301,"Protects and cares for community's lost, abandoned, abused, and rescued domesticated animals. Staff and volunteers provide care while animals await forever homes."
297,Idaho,ID,Companions Animal Center,Humane Society,info@companionsanimalcenter.org,(208) 772-4019,https://www.companionsanimalcenter.org,6606 N Government Way,Coeur d'Alene,83815,"Formerly Kootenai Humane Society, saving lives of unwanted, abused, and neglected animals since 1979."
298,Idaho,ID,Better Together Animal Alliance,Nonprofit,helpline@BTAnimalAlliance.org,(208) 265-7297,https://bettertogetheranimalalliance.org,310 N 1st Avenue,Sandpoint,83864,"Enriches lives of dogs, cats, and people. Serves North Idaho's Bonner, Boundary, and Kootenai Counties with support, resources, and care."
299,Idaho,ID,Lewis Clark Animal Shelter,Shelter,info@lcshelter.org,(208) 746-6095,https://lcshelter.org,6 Shelter Road,Lewiston,83501,"Nonprofit connecting animals with loving families in Lewiston, Clarkston, and surrounding communities for decades. Provides medical care and rehabilitation."
300,Idaho,ID,Humane Society of the Palouse,Humane Society,info@humanesocietyofthepalouse.org,(208) 883-1166,https://www.humanesocietyofthepalouse.org,2019 White Avenue,Moscow,83843,"No-kill animal shelter founded in 1978. Mission to ensure humane treatment, welfare and safety of companion animals in Moscow and Latah County."
301,Idaho,ID,IDAWG - Idaho Domestic Animal Welfare Group,Rescue,info@idawg.org,,https://idawg.org,,Nampa,83651,"501(c)(3) nonprofit since June 2000, staffed entirely by volunteers. Rescues, fosters, and rehomes animals in Treasure Valley. Offers spay/neuter financial assistance to seniors."
302,Idaho,ID,Lake Lowell Animal Rescue,Rescue,info@lakelowellanimalrescue.org,,https://www.lakelowellanimalrescue.org,,Nampa,83651,"501(c)(3) nonprofit private animal rescue specializing in abandoned cats, dogs, and small domestic animals around Treasure Valley and Lake Lowell wildlife refuge."
303,Illinois,IL,PAWS Chicago,Rescue,info@pawschicago.org,(773) 935-7297,https://www.pawschicago.org,1997 N Clybourn Avenue,Chicago,60614,"National model in animal sheltering, committed to ending the killing of homeless cats and dogs. One of the largest no-kill shelters in the Midwest."
304,Illinois,IL,Anti-Cruelty Society,Humane Society,info@anticruelty.org,(312) 644-8338,https://anticruelty.org,157 W Grand Avenue,Chicago,60654,"Founded 1899, Chicago's oldest and largest private, open-admission, unlimited stay humane society. One of the largest in the US. Offers spay/neuter clinic, humane education, cruelty investigation."
305,Illinois,IL,Wright-Way Rescue,Rescue,info@wright-wayrescue.org,(847) 728-5434,https://wright-wayrescue.org,5915 Lincoln Avenue,Morton Grove,60053,"501(c)(3) nonprofit animal adoption center. In 2024, rescued 4,524 dogs and cats. Offers adoption and community education."
306,Illinois,IL,South Suburban Humane Society,Humane Society,info@southsuburbanhumane.org,(708) 755-7387,https://southsuburbanhumane.org,21800 Central Avenue,Matteson,60443,"Finding homes and providing resources for pets in Chicago's south suburbs for over 50 years. Includes adoption center, resource center, low-cost vet clinic, and spay/neuter clinic."
307,Illinois,IL,Chicago Animal Care and Control,Animal Control,cacc@cityofchicago.org,(312) 747-1406,https://www.chicago.gov/city/en/depts/cacc.html,2741 S Western Avenue,Chicago,60608,"Protects public safety and ensures humane care of animals through sheltering, pet placement, education and animal law enforcement for the City of Chicago."
308,Illinois,IL,Friends of Chicago Animal Care and Control,Nonprofit,info@friendsofcacc.org,,https://www.friendsofcacc.org,,Chicago,60608,"Nonprofit committed exclusively to helping save lives of over 19,000 animals that come into custody of Chicago Animal Care and Control each year."
309,Illinois,IL,A.R.F. - Animal Rescue Foundation,Rescue,info@arf-il.org,(630) 653-1519,https://www.arf-il.org,2310 S Main Street,Wheaton,60189,"501(c)(3) no-kill humane society with volunteers dedicated to rescuing, fostering, and rehoming dogs and cats."
310,Illinois,IL,One Tail at a Time,Rescue,info@onetail.org,(773) 234-6070,https://www.onetail.org,3017 N Rockwell Street,Chicago,60618,"Progressive dog, cat, rabbit, and guinea pig foster and adoption program supporting under-resourced animal shelters and pet families."
311,Illinois,IL,Community Animal Rescue Effort (C.A.R.E.),Rescue,info@carenorthshore.org,(847) 705-2653,https://www.carenorthshore.org,4927 Main Street,Skokie,60077,"Volunteer-driven nonprofit dedicated to rescuing, rehabilitating, and rehoming pets in need while reducing pet overpopulation."
312,Illinois,IL,Hinsdale Humane Society,Humane Society,info@hinsdalehumanesociety.org,(630) 323-5630,https://hinsdalehumanesociety.org,21 Salt Creek Lane,Hinsdale,60521,"Private nonprofit operating Tuthill Family Pet Rescue & Resource Center, providing innovative care and adoption for all animals including those harder to place."
313,Illinois,IL,Naperville Area Humane Society,Humane Society,info@napervillehumanesociety.org,(630) 420-8989,https://napervillehumane.org,1620 W Diehl Road,Naperville,60563,"501(c)(3) nonprofit limited admission animal shelter for dog and cat adoption, foster care, and owner surrenders serving western Chicago suburbs."
314,Illinois,IL,Animal Welfare League,Rescue,info@animalwelfareleague.com,(708) 636-8586,https://animalwelfareleague.com,10305 Southwest Highway,Chicago Ridge,60415,"Serves cats, dogs, rabbits and small pets in Chicago Ridge and surrounding southwest suburbs."
315,Illinois,IL,Illinois Humane,Humane Society,info@illinoishumane.org,(217) 546-1549,https://illinoishumane.org,2800 Mathers Road,Springfield,62702,501(c)(3) nonprofit providing medical and behavioral rehabilitation and placement for animals that are victims of human neglect and cruelty cases.
316,Illinois,IL,Animal Protective League,Shelter,info@apl-shelter.org,(217) 544-7387,https://www.apl-shelter.org,1001 Taintor Road,Springfield,62702,Animal shelter serving Springfield and the surrounding central Illinois area with adoption services.
317,Illinois,IL,Champaign County Humane Society,Humane Society,info@cuhumane.org,(217) 344-7297,https://www.cuhumane.org,1911 E Main Street,Urbana,61802,"Provides shelter, medical, and adoption services for animals, prevents animal cruelty, and offers education programs. Best Friends Animal Society partner."
318,Illinois,IL,Humane Society of Central Illinois,Humane Society,info@hscipets.org,(309) 664-7387,https://www.hscipets.org,423 N Kays Drive,Normal,61761,Cares for and provides adoption services for animals in Bloomington-Normal and surrounding central Illinois areas.
319,Illinois,IL,TAPS - Tazewell Animal Protective Society,Rescue,info@tapsshelter.org,(309) 346-6200,https://tapsshelter.org,100 Taps Lane,Pekin,61554,"No-kill animal shelter providing homes for dogs, cats, puppies, and kittens until permanent homes found. Serves central Illinois area near Peoria."
320,Illinois,IL,Peoria County Animal Protection Services,Animal Control,pcaps@peoriacounty.gov,(309) 672-2440,https://www.peoriacounty.gov/229/Animal-Protection-Services,2600 NE Perry Avenue,Peoria,61603,"Serves every municipality in Peoria County. Enforces animal control ordinances, maintains rabies records, operates open admission shelter."
321,Illinois,IL,Winnebago County Animal Services,Animal Control,animalservices@co.winnebago.il.us,(815) 319-4100,https://www.winnebagoanimalshelter.com,4517 N Main Street,Rockford,61103,"Community leader and credible resource for safety awareness through enforcement and education, fostering the human-animal bond."
322,Illinois,IL,Wish Bone Canine Rescue,Rescue,info@wishbonecaninerescue.org,,https://www.wishbonecaninerescue.org,,Bloomington,61701,"Not-for-profit, no-kill canine rescue in central Illinois. Rescues and rehomes over 750 dogs annually, provides low-cost vaccination and spay/neuter clinics."
323,Illinois,IL,West Suburban Humane Society,Humane Society,info@wshs-dg.org,(630) 960-9600,https://www.wshs-dg.org,1901 W Ogden Avenue,Downers Grove,60515,Serving DuPage County and western suburbs with animal shelter and adoption services.
324,Illinois,IL,Red Door Animal Shelter,Shelter,info@reddoorshelter.org,(773) 764-2242,https://reddoorshelter.org,2410 W Lunt Avenue,Chicago,60645,"No-kill shelter for cats, dogs, and rabbits in Chicago."
325,Illinois,IL,Tree House Animal Foundation,Rescue,info@treehouseanimal.org,(773) 784-5488,https://treehouseanimal.org,7225 N Western Avenue,Chicago,60645,Cat-only rescue and adoption organization serving Chicago with cageless sheltering approach.
326,Illinois,IL,DuPage County Animal Services,Animal Control,animalservices@dupageco.org,(630) 407-2800,https://www.dupageco.org/animalservices,120 County Farm Road,Wheaton,60187,DuPage County government animal services providing shelter and adoption services for the county.
327,Illinois,IL,Anderson Animal Shelter,Shelter,info@andersonanimalshelter.com,(847) 697-2880,https://andersonanimalshelter.com,1000 S La Fox Street,South Elgin,60177,One of Illinois' largest animal shelters serving the Fox Valley and greater Chicago area with adoption services.
328,Indiana,IN,IndyHumane,Humane Society,info@indyhumane.org,(317) 872-5650,https://indyhumane.org,7929 Michigan Road,Indianapolis,46268,"Serving Indianapolis since 1905. Leading voice for animal welfare, serves 18,000+ animals annually with 96% live release rate. First choice for shelter cats and dogs adoption, foster, behavior training, and affordable spay/neuter."
329,Indiana,IN,Humane Society for Hamilton County,Humane Society,info@hamiltonhumane.com,(317) 773-4974,https://www.hamiltonhumane.com,1721 Pleasant Street,Noblesville,46060,"The only open admission, truly no-kill animal shelter in Indiana. Believes every animal deserves a chance to live regardless of age, breed, or special needs."
330,Indiana,IN,Humane Indiana,Humane Society,info@humaneindiana.org,(219) 922-3811,https://www.humaneindiana.org,421 45th Avenue,Munster,46321,"Finds homes for cats and dogs and offers resources to help families keep pets healthy. Valparaiso center rescues, heals, and releases injured wildlife while educating about coexistence."
331,Indiana,IN,Humane Fort Wayne,Humane Society,info@humanefw.org,(260) 744-0454,https://humanefw.org,4914 S Hanna Street,Fort Wayne,46806,"No-kill, nonprofit shelter serving Northeast Indiana for more than 65 years. Hub for pets and people providing comprehensive, lifesaving resources and spay/neuter clinic."
332,Indiana,IN,Fort Wayne Animal Care and Control,Animal Control,animalcare@cityoffortwayne.org,(260) 427-1244,https://www.fortwayneanimalcare.com,3020 Hillegas Road,Fort Wayne,46808,"Best Friends Animal Society partner serving community in humane, public safety capacity. Keeps pets with loving families through education and resources."
333,Indiana,IN,Humane Society of St. Joseph County,Humane Society,info@humanesocietystjc.org,(574) 255-4726,https://humanesocietystjc.org,2506 Grape Road,Mishawaka,46545,"One of Indiana's oldest service organizations, incorporated in 1896. Operates as area's largest animal care facility with over 2,700 animals annually."
334,Indiana,IN,Vanderburgh Humane Society,Humane Society,info@vfrm.org,(812) 426-2563,https://vanderburghhumane.org,400 Millner Industrial Drive,Evansville,47710,Provides animal rescue with veterinary services and finds forever homes for homeless animals in Evansville and surrounding area.
335,Indiana,IN,Humane Society of the Dunes,Humane Society,info@humanesocietyofthedunes.com,(219) 395-8733,https://humanesocietyofthedunes.com,1950 S State Route 49,Chesterton,46304,"Dedicated to rescue of abused, abandoned, sick, and injured animals and their rehabilitation. Serves Northwest Indiana."
336,Indiana,IN,Brown County Humane Society,Humane Society,info@bchumane.org,(812) 988-7362,https://www.bchumane.org,128 State Road 135 South,Nashville,47448,"Nonprofit animal shelter offering pet adoption, volunteer opportunities, and spay/neuter services."
337,Indiana,IN,Bartholomew County Humane Society,Humane Society,info@bartholomewhumane.org,(812) 372-1068,https://www.bartholomewhumane.org,4415 E 200 South,Columbus,47201,"Serves entire county surrounding Columbus with adoptable dogs and cats, lost pet services, volunteering, and donations."
338,Indiana,IN,Almost Home Humane Society,Humane Society,info@almosthomehumane.org,(765) 474-5222,https://www.almosthomehumane.org,1705 S 2nd Street,Lafayette,47905,"Formed as Tippecanoe County Humane Association in 1939. Serves more than 3,000 pets each year through programs for the Greater Lafayette area."
339,Indiana,IN,Animal Protection League,Shelter,info@inapl.org,(765) 356-0900,https://www.inapl.org,613 Dewey Street,Anderson,46016,"Anderson's only open-admission shelter. Since April 2011, partnered with City of Anderson to manage shelter operations."
340,Indiana,IN,Madison County Humane Society,Humane Society,info@mchsandersonin.org,(765) 378-8338,https://www.mchsandersonin.org,2219 Crystal Street,Anderson,46012,"Takes in abused, neglected or homeless animals in or around Madison County. Running 100% on donations."
341,Indiana,IN,Muncie Animal Care and Services,Animal Control,animalservices@cityofmuncie.com,(765) 747-4851,https://www.muncie.in.gov/department/index.php?structureid=15,901 W Riggin Road,Muncie,47303,"Established 2016, proud No-Kill animal shelter and control department. Provides services to City of Muncie and Unincorporated Delaware County."
342,Indiana,IN,ARF - Animal Rescue Fund Muncie,Rescue,info@munciearf.com,(765) 282-3060,https://www.munciearf.com,1209 W Riggin Road,Muncie,47303,"Mission to promote promise to love and protect dogs and cats by providing shelter, nourishment, medical care and placement."
343,Indiana,IN,Bloomington Animal Care and Control,Animal Control,shelter@bloomington.in.gov,(812) 349-3492,https://bloomington.in.gov/animal-shelter,3410 S Walnut Street,Bloomington,47401,"Division of Department of Public Works. In 2024, foster families took 56% of animals, providing socialization and training to over 1,800 animals."
344,Indiana,IN,Clay County Humane Society,Humane Society,info@claycohumanesociety.org,(812) 446-5126,https://claycohumanesociety.org,,Brazil,47834,"Proudly served Clay County, Indiana community since 1957."
345,Indiana,IN,Humane Society of Hobart,Humane Society,info@humanehobart.org,(219) 942-0103,https://humanehobart.org,2054 E State Road 130,Hobart,46342,501(c)(3) charity founded and receiving charter in 1954. Serves Northwest Indiana with animal rescue and adoption.
346,Indiana,IN,Pet Refuge,Rescue,info@petrefuge.com,(574) 231-1122,https://petrefuge.com,4626 Burnett Drive,South Bend,46614,Charity organization serving the South Bend area with animal rescue and adoption services.
347,Indiana,IN,Silverstray - Silver Lining Gary,Nonprofit,info@silverstray.org,,https://www.silverstray.org,,Gary,46402,"Transforms communities through creating culture of caring. Provides critical services to underserved pet families in Gary including free spay/neuter, microchips, vaccines, and TNR."
348,Indiana,IN,Another Chance For Animals,Rescue,info@anotherchanceforanimals.org,(812) 479-5575,https://anotherchanceforanimals.org,,Evansville,47715,"Rescues and rehomes abandoned and neglected pets, providing medical care, fostering, and adoption services while promoting spaying and neutering."
349,Indiana,IN,Action for Animals,Rescue,info@afamuncie.org,,https://afamuncie.org,,Muncie,47304,"Cat rescue with adoptable cats at PetSmart in Muncie. All animals spay/neutered, vaccinated and microchipped."
350,Indiana,IN,LDOFW - Lost Dogs of Fort Wayne,Nonprofit,info@ldofw.org,,https://ldofw.org,,Fort Wayne,46802,"Nonprofit assisting in locating and reuniting lost dogs with owners through community network, awareness campaigns, and search assistance."
351,Indiana,IN,Dog It Dig It Rescue,Rescue,info@dogitdigitrescue.org,,https://dogitdigitrescue.org,,Terre Haute,47802,Licensed 501(c)(3) charity rescuing dogs at risk of euthanasia and giving them another chance at finding forever homes.
352,Indiana,IN,Indiana Humane Society,Humane Society,info@indianahumanesociety.org,,,,Indianapolis,46201,Statewide humane society serving multiple counties across Indiana with animal welfare services.
353,Kansas,KS,Kansas Humane Society,Humane Society,info@kshumane.org,(316) 524-9196,https://kshumane.org,3313 N Hillside,Wichita,67219,"Wichita's largest privately funded nonprofit animal shelter. Committed to helping pets and people with adoption, spay/neuter, community outreach, animal rescue, and rehoming services."
354,Kansas,KS,Wichita Animal Services,Animal Control,animalservices@wichita.gov,(316) 350-3360,https://www.wichita.gov/1014/Wichita-Animal-Services,3303 N Hillside,Wichita,67219,"Animal Control and Wichita Animal Shelter for stray, lost, and confiscated small animals. Campus shared with Kansas Humane Society."
355,Kansas,KS,Wichita Animal Action League (WAAL),Rescue,info@waalrescue.org,(316) 612-3333,https://waalrescue.org,,Wichita,67202,"Nonprofit dedicated to rescuing animals in crisis. Depends on volunteers and donations to provide safe, loving homes and programs for pets and owners."
356,Kansas,KS,Lifeline Animal Placement and Protection,Rescue,info@lifelineanimalplacement.org,(316) 239-8700,https://lifelineanimalplacement.org,1011 E 21st Street North,Wichita,67214,"Wichita's only no-kill animal shelter. Nonprofit rescue saving animals that have been abandoned, abused or relinquished by owners."
357,Kansas,KS,Great Plains SPCA,Spca,info@greatplainsspca.org,(913) 831-7722,https://www.greatplainsspca.org,5428 Antioch Drive,Merriam,66202,"Provides lifesaving services for approximately 6,800 animals annually in the greater Kansas City area. Exists because of caring Kansas City community and generous donors."
358,Kansas,KS,Humane Society of Greater Kansas City,Humane Society,info@hsgkc.org,(816) 765-5700,https://hsgkc.org,4400 Raytown Road,Kansas City,64129,"Since 1912, saving and improving lives of dogs and cats throughout Greater Kansas City. Provides preventative medical care, spay/neuter, education, and adoptions."
359,Kansas,KS,Helping Hands Humane Society,Humane Society,info@hhhstopeka.org,(785) 233-7325,https://www.hhhstopeka.org,5720 SW 21st Street,Topeka,66604,"Animal Resource Center of Northeast Kansas. Has dogs, cats, and pocket pets looking for loving homes and forever families."
360,Kansas,KS,Lawrence Humane Society,Humane Society,info@lawrencehumane.org,(785) 843-6835,https://lawrencehumane.org,1805 E 19th Street,Lawrence,66044,Humane society serving Lawrence and Douglas County with animal welfare services and adoption programs.
361,Kansas,KS,Heart of America Humane Society,Humane Society,info@heartofamericahs.org,,https://heartofamericahs.org,,Overland Park,66214,100% volunteer organization finding good homes for animals. Partnership with Lee's Summit Municipal Animal Shelter. Hosts adoption events at Olathe PetSmart.
362,Kansas,KS,T. Russell Reitz Animal Shelter,Shelter,info@cityofmhk.com,(785) 587-2783,https://www.manhattanks.gov/3189/Animal-Shelter,605 Levee Drive,Manhattan,66502,City of Manhattan shelter operated by Prairie Paws Animal Shelter since December 2023.
363,Kansas,KS,Purple Power Animal Welfare Society (Purple PAWS),Rescue,info@purple-paws.org,,https://www.purple-paws.org,,Manhattan,66502,"All-volunteer foster-based rescue founded 2012. Rescued more than 3,000 animals from death row and abusive/neglectful situations in Manhattan and Junction City area."
364,Kansas,KS,Riley County Humane Society,Humane Society,info@rileycountyhs.org,,,,Manhattan,66502,Humane society serving Riley County and Manhattan area with animal rescue and adoption services.
365,Kansas,KS,Salina Animal Services,Animal Control,animalservices@salina-ks.gov,(785) 826-6535,https://www.salina-ks.gov/animal-services,329 N 2nd Street,Salina,67401,"Since February 2015, striving for 90% live outcomes. Offers adoptions, reclaims, microchips, licensing, cruelty investigations, and educational programs."
366,Kansas,KS,Leavenworth County Humane Society,Humane Society,info@lvcohumanesociety.org,(913) 682-3647,https://www.lvcohumanesociety.org,1805 Metropolitan Avenue,Leavenworth,66048,"Originally founded in 1885, may be the oldest humane society in Kansas. Serving Leavenworth County with animal welfare services."
367,Kansas,KS,Olathe Animal Control Shelter,Animal Control,animalcontrol@olatheks.org,(913) 971-6362,https://www.olatheks.org/government/police/animal-control,505 E Sunvale Drive,Olathe,66061,City of Olathe animal control providing shelter and adoption services.
368,Kansas,KS,Purrfect Pets Cat Adoptions,Rescue,info@purrfectpetsinc.org,,,,Olathe,66062,No-kill cat rescue organization serving the Olathe and Kansas City area.
369,Kansas,KS,SDRD Dog Rescue,Rescue,info@sdrd.org,,https://sdrd.org,,Topeka,66604,State licensed 501(c)(3) no-kill dog rescue and group foster home. Networks with local rescues to save dogs at risk of euthanasia.
370,Kansas,KS,Purrecious 9 Lives Rescue,Rescue,info@purrecious9lives.org,,https://purrecious9lives.org,,Shawnee,66203,"Nonprofit organization rescuing community cats since 2013 in Shawnee, Kansas."
371,Kansas,KS,Caring Hands Humane Society,Humane Society,info@caringhandshutch.com,(620) 662-5505,https://caringhandshutch.com,1400 E 30th Avenue,Hutchinson,67502,Humane society serving Hutchinson and surrounding area with animal shelter and adoption services.
372,Kansas,KS,Pratt Area Humane Society,Humane Society,info@pratthumanesociety.org,(620) 672-5399,https://pratthumanesociety.org,,Pratt,67124,Humane society serving the Pratt area of south-central Kansas.
373,Kentucky,KY,Kentucky Humane Society,Humane Society,info@kyhumane.org,(502) 366-3355,https://www.kyhumane.org,1000 Lyndon Lane,Louisville,40222,"Kentucky's largest pet adoption agency, founded 1884. In 2024, 5,518 animals found homes with 96% save rate. Largest destination shelter for unwanted animals with Love 120 program serving 35+ counties."
374,Kentucky,KY,Kentucky SPCA,Spca,info@kentuckyspca.org,(502) 272-0045,https://kentuckyspca.org,,Louisville,40204,"Formed to combat animal cruelty, neglect and fighting through innovative programs. Goal to reduce and eliminate companion and wild animal suffering throughout region."
375,Kentucky,KY,Lexington Humane Society,Humane Society,info@lexingtonhumanesociety.org,(859) 233-0044,https://lexingtonhumanesociety.org,1600 Old Frankfort Pike,Lexington,40504,"Lexington's primary humane society providing shelter, adoption, and animal welfare services for central Kentucky."
376,Kentucky,KY,Animal Care Society,Rescue,info@animalcaresociety.org,(502) 451-8887,https://animalcaresociety.org,10661 Meeting Street,Louisville,40291,"Publicly supported no-kill shelter finding safe, loving forever homes for adoptable dogs and cats. Over 17,000 animals have found safe haven."
377,Kentucky,KY,Louisville Metro Animal Services,Animal Control,lmas@louisvilleky.gov,(502) 473-7387,https://louisvilleky.gov/government/animal-services,3528 Newburg Road,Louisville,40218,"Louisville Metro's municipal animal services department providing animal care, control, and adoption services."
378,Kentucky,KY,No-Kill Louisville,Nonprofit,info@nklou.org,,https://www.nklou.org,,Louisville,40202,"Collaborates with local shelters and rescue groups to reduce euthanasia rates. Offers pet food bank, low-cost spay/neuter, and fostering opportunities."
379,Kentucky,KY,Bowling Green Warren County Humane Society,Humane Society,info@bgshelterpets.com,(270) 783-9404,https://www.bgshelterpets.com,1924 Louisville Road,Bowling Green,42101,"One of top Kentucky shelters with 10,000+ intakes annually. Campus includes Hildreth Adoption Center, Hotaling Spay/Neuter Clinic, and Davis/Mosby Center. Best Friends partner."
380,Kentucky,KY,Owensboro Humane Society,Humane Society,info@owensborohumane.org,(270) 302-6813,https://owensborohumane.org,3101 W 2nd Street,Owensboro,42301,"501(c)(3) charity since 1968, went completely no-kill in 1999. Working to stop abuse, neglect, and overbreeding of local animal population."
381,Kentucky,KY,Humane Society of Northern Kentucky,Humane Society,info@humanesocietynky.org,(859) 342-4759,https://humanesocietynky.org,22 Commonwealth Avenue,Erlanger,41018,Mission to end companion-animal homelessness in Northern Kentucky through education and low-cost spay/neuter programs.
382,Kentucky,KY,Kenton County Animal Services,Animal Control,animalservices@kentoncounty.org,(859) 356-7400,https://www.kentoncounty.org/153/Animal-Services,1020 Mary Laidley Road,Covington,41017,"Primary law enforcement and animal sheltering agency for domestic animals in Kenton County, Northern Kentucky."
383,Kentucky,KY,Boone County Animal Care & Control,Animal Control,animalcontrol@boonecountyky.org,(859) 334-2080,https://www.boonecountyky.org/departments/animal_control/,5643 Idlewild Road,Burlington,41005,"Receives 3,000+ animals annually. Modern new facility providing humane, compassionate services including adoption, fostering, licensing, and cruelty investigations."
384,Kentucky,KY,Franklin County Humane Society,Humane Society,info@fchsanimals.org,(502) 875-7297,https://www.fchsanimals.org,1041 Kentucky Avenue,Frankfort,40601,Independent 501(c)(3) contracted for animal control by City of Frankfort and Franklin County. Offers adoptions and low-cost spay/neuter. No-kill verified.
385,Kentucky,KY,Humane Society of Nelson County,Humane Society,info@humanesocietyofnelsoncountyky.com,(502) 349-2082,https://www.humanesocietyofnelsoncountyky.com,,Bardstown,40004,"Friend of the Shelter organization providing veterinary care for sick/injured animals, plus foster homes for recovery or special care."
386,Kentucky,KY,AARF - Ashland Animal Rescue Fund,Rescue,info@aarf-ky.org,,,,Ashland,41101,No-Kill Verified shelter serving the Ashland and Boyd County area of eastern Kentucky.
387,Kentucky,KY,Boyd County Animal Control and Shelter,Animal Control,animalcontrol@boydcountyky.gov,(606) 739-5176,https://boydcountyky.gov/222/Animal-Control-Shelter,2012 Greenup Road,Ashland,41102,"Established by Boyd County Fiscal Court to safeguard public health, humanely house animals, protect from abuse, and promote responsible ownership."
388,Kentucky,KY,Kentucky Kitty Cats Inc,Rescue,info@kentuckykittycats.org,,https://kentuckykittycats.org,,Bowling Green,42101,"No-kill, nonprofit 501(c)(3) helping felines since 2013 through adoption services, access to low-cost spay/neuter, and community outreach."
389,Kentucky,KY,Logan County Humane Society,Humane Society,info@logancountyhumanesociety.org,(270) 726-7297,https://logancountyhumanesociety.org,,Russellville,42276,Independent 501(c)(3) nonprofit operating in Logan County since 1989. Main goal to improve lives of companion animals.
390,Kentucky,KY,New Vocations Racehorse Adoption,Rescue,info@newvocations.org,(937) 642-3171,https://www.newvocations.org,,Lexington,40507,"America's largest racehorse adoption program, rehabilitating and retraining Thoroughbreds and Standardbreds for second careers."
391,Kentucky,KY,Old Friends Thoroughbred Retirement,Sanctuary,info@oldfriendsequine.org,(502) 863-1775,https://www.oldfriendsequine.org,1841 Paynes Depot Road,Georgetown,40324,Thoroughbred retirement farm providing a permanent home for retired racehorses. Open to public for tours.
392,Kentucky,KY,Woodstock Animal Foundation,Rescue,info@woodstockanimalfoundation.org,(859) 255-2287,https://woodstockanimalfoundation.org,,Lexington,40502,Animal rescue and adoption organization serving the Lexington area with foster-based rescue programs.
393,Louisiana,LA,Louisiana SPCA,Spca,info@louisianaspca.org,(504) 368-5191,https://www.louisianaspca.org,1700 Mardi Gras Boulevard,New Orleans,70114,Award-winning Community Clinic providing affordable services. Humane Law & Rescue team enforces animal laws in Orleans Parish.
394,Louisiana,LA,Animal Rescue New Orleans,Rescue,info@animalrescueneworleans.org,(504) 571-1900,https://animalrescueneworleans.org,271 Plauche Street,New Orleans,70123,"Founded 2006, 501(c)(3) volunteer-based no-kill shelter. Dedicated to rescue of abandoned and homeless animals including those needing medical care."
395,Louisiana,LA,Humane Society of Louisiana,Humane Society,info@humanela.org,(888) 648-6263,https://humanela.org,,New Orleans,70174,Statewide humane society serving Louisiana with animal welfare advocacy and rescue services.
396,Louisiana,LA,Companion Animal Alliance,Shelter,info@caabr.org,(225) 408-5353,https://www.caabr.org,2550 Gourrier Avenue,Baton Rouge,70820,"Baton Rouge's primary animal shelter providing adoption, rescue, and animal welfare services."
397,Louisiana,LA,Northshore Humane Society,Humane Society,info@northshorehumane.org,(985) 892-7387,https://northshorehumane.org,20384 Harrison Avenue,Covington,70433,Humane society serving the Northshore area with animal rescue and adoption services.
398,Louisiana,LA,Pet Savers,Rescue,info@petsavers.org,(318) 636-0400,https://petsavers.org,4380 Noyes Drive,Shreveport,71119,Animal rescue organization serving the Shreveport area with adoption and rescue services.
399,Louisiana,LA,Humane Society of Northwest Louisiana,Humane Society,rescuehsnwla@gmail.com,,,2544 Linwood Avenue,Shreveport,71135,Humane society serving Northwest Louisiana with animal welfare and rescue services.
400,Louisiana,LA,Acadiana Animal Aid,Rescue,info@acadianaanimalaid.org,(337) 896-1553,https://acadianaanimalaid.org,113 W Gloria Switch Road,Carencro,70520,Animal rescue serving the Acadiana region with adoption and rescue services.
401,Louisiana,LA,Hobo Hotel,Rescue,info@hobohotel.org,(337) 439-2428,https://hobohotel.org,650 E School Street,Lake Charles,70607,The ONLY no-kill shelter for cats and kittens in Lake Charles. Rescuing kitties since 1999.
402,Louisiana,LA,River Cities Humane Society,Humane Society,info@rivercitieshumanesociety.org,,https://rivercitieshumanesociety.org,,Monroe,71201,"Since 1992, provided safe haven for abused, sick, and unwanted cats in Northeast Louisiana. Adopted out over 9,000 animals."
403,Louisiana,LA,PAWS of Northeast Louisiana,Rescue,info@pawsnela.org,(318) 397-0007,https://www.pawsnela.org,,Monroe,71207,"Programs include Spay/Neuter Assistance, Shelter Animal Rescue, Tag Your Pet, and Pet Therapy/Humane Education."
404,Louisiana,LA,Heart of Louisiana Humane Society,Humane Society,info@hlhumane.org,,http://www.hlhumane.org,,Hammond,70401,Non-profit 501(c)(3) foster-based organization. 100% of donations go towards rescue.
405,Louisiana,LA,Zeus' Rescues,Rescue,info@zeusrescues.org,,https://zeusrescues.org,,New Orleans,70119,Mission to eradicate pet homelessness and euthanasia within the New Orleans metro area.
406,Louisiana,LA,Life 4 Paws,Rescue,info@life4paws.org,,https://life4paws.org,,Metairie,70001,One of Louisiana's largest animal rescue organizations serving the greater New Orleans metro area.
407,Louisiana,LA,Louisiana Dog Rescue,Rescue,info@ladogrescue.org,(318) 347-7337,https://ladogrescue.org,,Shreveport,71135,Dog rescue organization serving the Shreveport and Northwest Louisiana area.
408,Massachusetts,MA,MSPCA-Angell,Spca,info@mspca.org,(617) 522-7400,https://www.mspca.org,350 South Huntington Avenue,Boston,02130,"Founded 1868, second-oldest humane society in US. National leader in animal protection and veterinary medicine. 11,069 animals found homes in 2024. Leads coalition of MA welfare groups."
409,Massachusetts,MA,Animal Rescue League of Boston,Rescue,info@arlboston.org,(617) 426-9170,https://www.arlboston.org,10 Chandler Street,Boston,02116,"Unwavering champion for animals in need, committed to keeping them safe and healthy in homes. Building new $48M facility in South End."
410,Massachusetts,MA,Second Chance Animal Services,Rescue,info@secondchanceanimals.org,(508) 867-5525,https://secondchanceanimals.org,111 Young Road,East Brookfield,01515,"Founded 1999, helped over 49,000 pets last year. Operates Community Veterinary Hospitals in North Brookfield, Southbridge, Springfield, and Worcester."
411,Massachusetts,MA,Worcester Animal Rescue League,Rescue,info@worcesterarl.org,(508) 853-0030,https://worcesterarl.org,139 Holden Street,Worcester,01606,"Main resource for animals in need in Worcester, the second largest city in Massachusetts. Part of MSPCA coalition."
412,Massachusetts,MA,Dakin Humane Society,Humane Society,info@dakinhumane.org,(413) 548-9898,https://dakinhumane.org,171 Union Street,Springfield,01105,Humane society serving the Pioneer Valley and Springfield area. Part of MSPCA coalition.
413,Massachusetts,MA,MSPCA Cape Cod Adoption Center,Spca,capecod@mspca.org,(508) 775-0940,https://www.mspca.org/adoption-centers/cape-cod-adoption-center/,1577 Falmouth Road,Centerville,02632,"Animal resource and adoption center providing spay/neuter services, dog training, adoptions, and humane education for Cape Cod."
414,Massachusetts,MA,New England Society for Abandoned Animals,Rescue,info@nesaa.org,(508) 255-8118,https://nesaa.org,,Orleans,02653,"No-kill shelter serving 15 towns of Cape Cod. Programs focused on cats with services for dogs. Offers free/low-cost spay/neuter, vaccinations."
415,Massachusetts,MA,Berkshire Humane Society,Humane Society,info@berkshirehumane.org,(413) 447-7878,https://berkshirehumane.org,214 Barker Road,Pittsfield,01201,Humane society serving the Berkshires in Western Massachusetts. Part of MSPCA coalition.
416,Massachusetts,MA,Thomas J. O'Connor Animal Control and Adoption Center,Animal Control,info@springfieldanimalcontrol.com,(413) 781-1484,https://springfieldanimalcontrol.com,627 Cottage Street,Springfield,01104,Animal control and adoption center serving Springfield. Part of MSPCA coalition.
417,Massachusetts,MA,Boston Animal Care and Control,Animal Control,animalcontrol@boston.gov,(617) 635-5348,https://www.boston.gov/departments/animal-care-and-control,26 Mahler Road,Boston,02131,City of Boston animal control providing shelter and adoption services. Part of MSPCA coalition.
418,Massachusetts,MA,Lowell Humane Society,Humane Society,info@lowellhumanesociety.org,(978) 452-7781,https://www.lowellhumanesociety.org,951 Broadway Street,Lowell,01854,"Provides shelter, prevents cruelty to animals, and advocates for their welfare in the Greater Lowell area."
419,Massachusetts,MA,Animal Protection Center of Southeastern Massachusetts,Rescue,info@apcsm.org,(508) 995-6661,https://www.apcsm.org,1300 West Street,Uxbridge,01569,"Nonprofit animal care and adoption facility serving southeastern Massachusetts. Since 2009, placed over 9,000 animals into forever homes."
420,Massachusetts,MA,Baypath Humane Society,Humane Society,info@baypathhumane.org,(508) 435-6938,https://baypathhumane.org,500 Legacy Farms North,Hopkinton,01748,"Dedicated to providing shelter, care, humane treatment and loving homes for stray or unwanted companion animals."
421,Massachusetts,MA,Massachusetts Humane Society,Humane Society,info@masshumane.org,,https://masshumane.org,,Braintree,02184,"Established 2004, celebrates 21 years of rescuing animals in need. Advocate for animal protection rights and welfare."
422,Massachusetts,MA,Animal Rescue Front,Rescue,info@animalrescuefront.org,,https://animalrescuefront.org,,Harwich,02645,"Located on Cape Cod, founded in September 2005 following Hurricane Katrina."
423,Maryland,MD,BARCS - Baltimore Animal Rescue and Care Shelter,Shelter,info@barcs.org,(410) 396-4695,https://www.barcs.org,2490 Giles Road,Baltimore,21225,Largest animal shelter and pet adoption center in Maryland. Open admission shelter for Baltimore City - no animal or family in need turned away.
424,Maryland,MD,Maryland SPCA,Spca,info@mdspca.org,(410) 235-8826,https://mdspca.org,3300 Falls Road,Baltimore,21211,"Committed to animals since 1869. Over 6,000 spay/neuter surgeries in 2024. Runs The Kibble Connection food pantry. Founding member of BAWA alliance."
425,Maryland,MD,Baltimore Humane Society,Humane Society,info@bmorehumane.org,(410) 833-8848,https://bmorehumane.org,1601 Nicodemus Road,Reisterstown,21136,Founded to protect region's pets and address their suffering. Best Friends Animal Society partner. From the first hello to the last goodbye.
426,Maryland,MD,Baltimore County Animal Services,Animal Control,animalservices@baltimorecountymd.gov,(410) 887-7297,https://www.baltimorecountymd.gov/departments/animal-services,13800 Manor Road,Baldwin,21013,Enforces animal control laws and operates Baltimore County's Animal Shelter. Part of BAWA alliance.
427,Maryland,MD,SPCA of Anne Arundel County,Spca,info@aacspca.org,(410) 268-4388,https://aacspca.org,1815 Bay Ridge Avenue,Annapolis,21403,"Serving Anne Arundel County with animal rescue, adoption, and community events like the Puppy Plunge."
428,Maryland,MD,SPCA/Humane Society of Prince George's County,Humane Society,info@pgspca.org,(301) 262-5625,https://www.pgspca.org,,Bowie,20718,"All-volunteer 501(c)(3) nonprofit. Fulfills mission through spay/neuter clinic, cruelty investigations, foster/adoption program, and humane education."
429,Maryland,MD,Prince George's County Animal Services,Animal Control,animalservices@co.pg.md.us,(301) 780-7200,https://www.princegeorgescountymd.gov/departments-offices/environment/animal-services,3750 Brown Station Road,Upper Marlboro,20772,County animal shelter providing animal control and adoption services for Prince George's County.
430,Maryland,MD,Montgomery County Humane Society,Humane Society,info@mchumane.org,(240) 252-2555,https://www.mchumane.org,601 S Stonestreet Avenue,Rockville,20850,"Pre-eminent animal welfare organization in Montgomery County. Since April 2014, fully independent and 100% privately funded. Private no-kill rescue."
431,Maryland,MD,Animal Welfare League of Frederick County,Rescue,info@awlfc.org,(301) 663-5855,https://www.awlfc.org,1202 E Patrick Street,Frederick,21701,Established 2002 rescuing and finding homes for thousands of animals. Offers official TNR program 'Fixing Frederick's Felines' since 2001.
432,Maryland,MD,Calvert Animal Welfare League,Rescue,info@cawl.org,(410) 535-9300,https://cawl.org,1040 Prince Frederick Boulevard,Prince Frederick,20678,No-kill animal welfare organization serving Calvert County with rescue and adoption services.
433,Maryland,MD,Humane Society of Dorchester County,Humane Society,info@hsdorchester.org,(410) 228-8500,https://hsdorchester.org,1202 Rosemary Lane,Cambridge,21613,Humane society serving Dorchester County on Maryland's Eastern Shore.
434,Maryland,MD,HART for Animals,Rescue,info@hartforanimals.org,(301) 779-1007,https://hartforanimals.org,,Cumberland,21502,Animal rescue organization serving Western Maryland with foster-based rescue programs.
435,Maryland,MD,PAW - Partnership for Animal Welfare,Rescue,info@paw-rescue.org,(301) 572-4729,https://paw-rescue.org,,Greenbelt,20768,Foster-based rescue organization serving the greater Washington DC metro area in Maryland.
436,Maryland,MD,St. Mary's Animal Welfare League (SMAWL),Rescue,info@smawl.org,(301) 373-5659,https://smawl.org,,Lexington Park,20653,Animal welfare organization serving St. Mary's County in Southern Maryland.
437,Maryland,MD,Lucky Cat Rescue,Rescue,info@luckycatrescue.org,,https://luckycatrescue.org,,Baltimore,21211,Cat rescue organization serving the Baltimore area.
438,Maine,ME,Animal Refuge League of Greater Portland,Humane Society,info@arlgp.org,(207) 854-9771,https://www.arlgp.org,217 Landing Road,Westbrook,04092,"Animal Refuge League of Greater Portland is a nonprofit animal welfare organization providing shelter, care, and adoption services for homeless animals in southern Maine since 1911."
439,Maine,ME,Bangor Humane Society,Humane Society,info@bangorhumane.org,(207) 942-8902,https://www.bangorhumane.org,693 Mt Hope Avenue,Bangor,04401,"Bangor Humane Society is a private, nonprofit organization dedicated to providing quality care and shelter for homeless pets in the greater Bangor region since 1869."
440,Maine,ME,Kennebec Valley Humane Society,Humane Society,kvhumane@roadrunner.com,(207) 626-3491,https://www.kvhumanesociety.com,10 Pet Haven Lane,Augusta,04330,Kennebec Valley Humane Society provides compassionate care and adoption services for homeless cats and dogs in central Maine.
441,Maine,ME,Greater Androscoggin Humane Society,Humane Society,info@gahumane.org,(207) 783-2311,https://www.gahumane.org,55 Strawberry Avenue,Lewiston,04240,"Greater Androscoggin Humane Society is the only open-admission shelter in Androscoggin County, providing shelter and adoption services for companion animals."
442,Maine,ME,Midcoast Humane,Humane Society,info@midcoasthumane.org,(207) 725-5051,https://www.midcoasthumane.org,190 Pleasant Street,Brunswick,04011,"Midcoast Humane provides shelter, care, and adoption services for homeless animals in Sagadahoc, Lincoln, and surrounding counties in coastal Maine."
443,Maine,ME,SPCA of Hancock County,Spca,spcahancockcounty@gmail.com,(207) 667-8088,https://www.spcahancockcounty.org,141 Bar Harbor Road,Trenton,04605,SPCA of Hancock County is a nonprofit shelter providing care and adoption services for homeless animals in the Bar Harbor and Ellsworth areas.
444,Maine,ME,Franklin County Animal Shelter,Shelter,fcas@fcas.me,(207) 778-2638,https://www.fcas.me,550 Industry Road,Farmington,04938,Franklin County Animal Shelter is a nonprofit municipal shelter serving Franklin County communities with animal shelter and adoption services.
445,Maine,ME,HART (Homeless Animal Rescue Team) of Maine,Rescue,hartofme@gmail.com,(207) 865-3638,https://www.hartofme.org,302 US Route One,Freeport,04032,HART of Maine is a nonprofit rescue organization dedicated to rescuing homeless cats and dogs and finding them loving forever homes.
446,Maine,ME,Coastal Humane Society,Humane Society,info@coastalhumanesociety.org,(207) 725-5051,https://www.midcoasthumane.org,30 Range Road,Brunswick,04011,"Now part of Midcoast Humane, Coastal Humane Society continues its mission to provide shelter and care for homeless animals in the midcoast region."
447,Maine,ME,P.A.W.S. Animal Adoption Center,Shelter,pawsadopt@pawsadoption.org,(207) 236-8702,https://www.pawsadoption.org,123 John Street,Camden,04843,"P.A.W.S. Animal Adoption Center is a nonprofit, no-kill shelter serving Knox County and surrounding areas with adoption services for cats and dogs."
448,Maine,ME,Responsible Pet Care of Oxford Hills,Shelter,info@rpc-oh.org,(207) 743-8679,https://www.rpc-oh.org,9 Swallow Road,Paris,04281,"Responsible Pet Care of Oxford Hills is a nonprofit shelter providing animal welfare services including adoption, spay/neuter programs, and community education."
449,Maine,ME,Ark Animal Shelter,Shelter,arkanimalshelter@gmail.com,(207) 384-5798,http://www.arkanimalshelter.org,100 Old Post Road,Cherryfield,04622,"Ark Animal Shelter is a nonprofit shelter serving Washington County, providing care and adoption services for homeless cats and dogs in eastern Maine."
450,Maine,ME,Underhound Railroad,Rescue,info@underhoundrailroad.org,(207) 846-1322,https://www.underhoundrailroad.org,P.O. Box 27,Yarmouth,04096,Underhound Railroad is a nonprofit rescue organization transporting homeless dogs from high-kill shelters in the South to loving homes in Maine and New England.
451,Maine,ME,Sato Heart Rescue,Rescue,info@satoheartrescue.org,(207) 613-9024,https://www.satoheartrescue.org,P.O. Box 2176,South Portland,04116,Sato Heart Rescue is a nonprofit organization rescuing abandoned satos (street dogs) from Puerto Rico and finding them forever homes in Maine.
452,Maine,ME,Central Aroostook Humane Society,Humane Society,info@centralaroostookhumanesociety.org,(207) 764-3441,https://www.centralaroostookhumanesociety.org,24 Cross Street,Presque Isle,04769,Central Aroostook Humane Society provides shelter and adoption services for homeless animals in northern Maine's Aroostook County region.
453,Maine,ME,Harvest Hills Animal Shelter,Shelter,info@harvesthills.org,(207) 582-2765,https://www.harvesthills.org,1389 Lewiston Road,Fayette,04349,Harvest Hills Animal Shelter is a nonprofit organization providing temporary shelter and adoption services for homeless cats and dogs in central Maine.
454,Maine,ME,Passion for Paws,Rescue,passionforpawsmaine@gmail.com,(207) 570-5550,https://www.passionforpawsmaine.org,P.O. Box 1063,Scarborough,04070,Passion for Paws is a foster-based nonprofit rescue organization dedicated to saving homeless dogs and cats in Maine and finding them loving homes.
455,Maine,ME,Almost Home Cat Rescue,Rescue,almosthomemaine@gmail.com,,https://www.facebook.com/almosthomecatrescuemaine,,Portland,,"Almost Home Cat Rescue is a volunteer-run, foster-based nonprofit organization dedicated to rescuing and rehoming homeless cats in southern Maine."
456,Maine,ME,Maine Cat Rescue,Rescue,mainecatrescue@gmail.com,(207) 808-8200,https://www.mainecatrescue.com,,Portland,,"Maine Cat Rescue is a nonprofit, foster-based rescue organization dedicated to saving homeless, abandoned, and feral cats throughout Maine."
457,Maine,ME,Downeast Humane Society,Humane Society,,(207) 667-8531,,667 Main Street,Ellsworth,04605,Downeast Humane Society serves the Ellsworth and Hancock County area with animal welfare services including adoption and community programs.
458,Maine,ME,Waldo County Pet Food Pantry and Humane Society,Humane Society,wcpfp@gmail.com,(207) 589-0892,https://www.waldocountypetfoodpantry.org,,Belfast,04915,Waldo County Pet Food Pantry and Humane Society provides food assistance to pet owners in need and helps homeless animals find forever homes.
459,Maine,ME,Lucky Pup Rescue,Rescue,luckypuprescuemaine@gmail.com,(207) 200-7550,https://www.luckypuprescue.org,,Kennebunk,04043,Lucky Pup Rescue is a nonprofit rescue organization saving dogs from high-kill shelters and transporting them to loving homes in Maine and New England.
460,Maine,ME,New England Lab Rescue,Rescue,info@newenglandlabrescue.org,,https://www.newenglandlabrescue.org,,Portland,,New England Lab Rescue is a nonprofit organization dedicated to rescuing and rehoming Labrador Retrievers and Lab mixes throughout New England including Maine.
461,Maine,ME,Casco Bay Pibble Rescue,Rescue,cascobaypibbles@gmail.com,,https://www.cascobaypibblerescue.org,,Portland,,"Casco Bay Pibble Rescue is a nonprofit organization dedicated to rescuing, rehabilitating, and rehoming pit bulls and bully breeds in Maine."
462,Maine,ME,Maine Greyhound Placement Service,Rescue,info@greyhoundplacement.com,(207) 846-5759,https://www.greyhoundplacement.com,,Cumberland,04021,Maine Greyhound Placement Service is a nonprofit organization dedicated to finding loving homes for retired racing greyhounds in Maine and New England.
463,Maine,ME,Town of Sanford Animal Control,Animal Control,animalcontrol@sanfordmaine.org,(207) 324-9813,https://www.sanfordmaine.org/animal-control,919 Main Street,Sanford,04073,"Town of Sanford Animal Control provides municipal animal control services including stray animal intake, lost and found pets, and adoption services."
464,Maine,ME,City of Portland Animal Refuge League,Animal Control,,(207) 874-8575,https://www.portlandmaine.gov/317/Animal-Control,109 Hanover Street,Portland,04101,"Portland Animal Control provides municipal animal services for the City of Portland, working with local rescues to help homeless animals find homes."
465,Maine,ME,Hearts & Tails Animal Alliance,Rescue,info@heartsandtailsmaine.org,(207) 899-7174,https://www.heartsandtailsmaine.org,,Gray,04039,"Hearts & Tails Animal Alliance is a nonprofit, foster-based rescue organization dedicated to saving homeless pets in Maine and placing them in loving homes."
466,Maine,ME,Pixie Project Maine,Rescue,pixieprojectmaine@gmail.com,,https://www.pixieprojectmaine.org,,Brunswick,04011,Pixie Project Maine is a nonprofit rescue organization focused on finding homes for special needs and overlooked animals in Maine.
467,Maine,ME,Safe Haven Humane Society,Humane Society,info@safehavenhs.org,(207) 793-4292,https://www.safehavenhs.org,1461 Main Road,Wells,04090,"Safe Haven Humane Society is a nonprofit, no-kill shelter providing care and adoption services for homeless cats and dogs in southern Maine."
468,Michigan,MI,Michigan Humane,Humane Society,info@michiganhumane.org,(866) 648-6263,https://www.michiganhumane.org,30300 Telegraph Road,Bingham Farms,48025,Changing lives of animals since 1877. Hosts pet-friendly events throughout the year across Metro Detroit.
469,Michigan,MI,Michigan Anti-Cruelty Society (MACS),Humane Society,info@macsshelter.org,(313) 891-7188,https://macsshelter.org,13569 Joseph Campau Avenue,Detroit,48212,"Make it a be kind to animals world. For many animals, MACS is their only hope."
470,Michigan,MI,Humane Society of Huron Valley,Humane Society,info@hshv.org,(734) 662-5585,https://www.hshv.org,3100 Cherry Hill Road,Ann Arbor,48105,Helps more dogs and cats than any shelter in Michigan. Open 7 days a week with no appointment necessary for walk-ins.
471,Michigan,MI,Capital Area Humane Society,Humane Society,info@cahs-lansing.org,(517) 626-6060,https://www.cahs-lansing.org,7095 West Grand River Avenue,Lansing,48906,"Nonprofit animal welfare organization. Does not receive government funding or tax dollars, not affiliated with other humane societies."
472,Michigan,MI,Humane Society of West Michigan,Humane Society,info@hswestmi.org,(616) 453-8900,https://www.hswestmi.org,3077 Wilson Drive NW,Grand Rapids,49534,Humane society serving West Michigan and the Grand Rapids area with animal rescue and adoption services.
473,Michigan,MI,Kent County Animal Shelter,Animal Control,animalcontrol@kentcountymi.gov,(616) 632-7300,https://www.kentcountymi.gov/1415/Animal-Shelter,740 Fuller Avenue NE,Grand Rapids,49503,"Provides temporary care and shelter for lost, unwanted, and abused animals. Seeks placement into responsible homes."
474,Michigan,MI,Michele's Rescue,Rescue,info@michelesrescue.com,(616) 791-1596,https://michelesrescue.com,7256 Hessler Drive NE,Rockford,49341,"501(c)(3) nonprofit started 1997. No-kill rescue taking in animals from shelters all over the country. Received $20,000 donation from LaFontaine Automotive."
475,Michigan,MI,All About Animals Rescue,Rescue,info@allaboutanimalsrescue.org,(248) 371-1348,https://allaboutanimalsrescue.org,23451 Pinewood Street,Warren,48091,"501(c)(3) dedicated to No More Homeless Pets. High-quality, high-volume spay/neuter and wellness. Locations in Auburn Hills, Detroit, Flint, and Warren."
476,Michigan,MI,SPCA of Southwest Michigan,Spca,info@spcaswmich.org,(269) 381-2287,https://www.spcaswmich.org,6955 West KL Avenue,Kalamazoo,49009,"Registered 501(c)(3) not-for-profit. Does not receive government funding. Open Mon-Fri 11am-7pm, Sat 11am-4pm."
477,Michigan,MI,Harbor Humane Society,Humane Society,info@harborhumane.org,(616) 399-2119,https://harborhumane.org,14345 Bagley Street,West Olive,49460,Humane society serving the lakeshore communities of West Michigan.
478,Michigan,MI,Cherryland Humane Society,Humane Society,info@cherrylandhumane.org,(231) 946-5116,https://cherrylandhumane.org,1750 Ahlberg Road,Traverse City,49696,Provides care for over 650 animals. Funded by profits from thrift store.
479,Michigan,MI,Fig and Friends Pet Rescue,Rescue,info@figandfriendspetrescue.org,,https://www.figandfriendspetrescue.org,,Grand Rapids,49503,501(c)(3) nonprofit pet rescue serving the Grand Rapids area.
480,Michigan,MI,Friends of Michigan Animals Rescue,Rescue,info@friendsofmichigan.org,,https://www.friendsofmichigan.org,,Detroit,48201,Animal rescue organization serving Michigan with foster-based rescue programs.
481,Michigan,MI,Cascades Humane Society,Humane Society,info@chsjackson.org,(517) 787-7387,https://chsjackson.org,1515 Carmen Drive,Jackson,49202,Humane society serving Jackson County and south central Michigan.
482,Michigan,MI,Great Lakes Dog Rescue,Rescue,info@greatlakesdogrescue.org,,https://greatlakesdogrescue.org,,Detroit,48226,Dog rescue organization serving the Great Lakes region of Michigan.
483,Minnesota,MN,Animal Humane Society,Humane Society,info@animalhumanesociety.org,(763) 522-4325,https://www.animalhumanesociety.org,845 Meadow Lane North,Golden Valley,55422,"Open admission guarantees safe refuge to every animal. In 2024, Humane Investigations impacted 8,823 animals across 80 of 87 counties. Pet food pantry distributed 30+ tons of food."
484,Minnesota,MN,Saint Paul Animal Control,Animal Control,animalcontrol@stpaul.gov,(651) 266-1100,https://www.stpaul.gov/departments/safety-inspections/animal-control/animal-shelter-services,1285 Jessamine Avenue West,St. Paul,55117,Releases most animals to approved rescue partners. Overall live release rate of 90% or higher since 2016.
485,Minnesota,MN,Minnesota Humane Society,Humane Society,info@mnhumane.org,,https://mnhumane.org,475 N Cleveland Avenue,St. Paul,55104,Humane society serving the Twin Cities and greater Minnesota area.
486,Minnesota,MN,Tri-County Humane Society,Humane Society,info@tricountyhumanesociety.org,(320) 252-0896,https://tricountyhumanesociety.org,735 8th Street NE,St. Cloud,56304,"Independent nonprofit where 100% of charitable gifts directly benefit animals. No government funding. Nearly 1,000 animals need foster care each year."
487,Minnesota,MN,Animal Allies Humane Society,Humane Society,info@animalallies.net,(218) 722-5341,https://animalallies.net,4006 Airport Road,Duluth,55811,Dedicated to a compassionate journey for pets and people in the Duluth community.
488,Minnesota,MN,Pet Haven,Rescue,info@pethavenmn.org,(952) 831-3825,https://pethavenmn.org,,Minneapolis,55426,Minnesota's oldest foster-based rescue. Every animal lives with a loving foster family until it finds its own family.
489,Minnesota,MN,Animal Ark,Rescue,info@animalarkmn.org,(763) 785-2275,https://animalarkmn.org,2600 N Industrial Boulevard,Hastings,55033,"No-kill since 1977. Embraces no-kill philosophy to rescue, rehabilitate, and rehome Minnesota's lost and homeless companion animals."
490,Minnesota,MN,Ruff Start Rescue,Rescue,info@ruffstartrescue.org,(763) 355-3981,https://ruffstartrescue.org,305 4th Street NW,Princeton,55371,"Dedicated to saving lives of animals in need. Improves animal welfare through adoption, education, and providing resources."
491,Minnesota,MN,Second Chance Animal Rescue,Rescue,info@secondchancerescue.org,(320) 252-6007,https://secondchancerescue.org,,St. Cloud,56303,"Incorporated 1994, 501(c)(3) all-volunteer organization rescuing, caring for, and adopting out homeless dogs and cats."
492,Minnesota,MN,Carver Scott Humane Society,Humane Society,info@carverscotths.org,(952) 368-3553,https://www.carverscotths.org,,Chaska,55318,Foster-based rescue. Can only save as many animals as they have foster homes available.
493,Minnesota,MN,The Bond Between,Rescue,info@thebondbetween.org,(952) 922-9252,https://www.thebondbetween.org,3705 Cedar Lake Avenue,Minneapolis,55416,"Offers Respite Foster Care for pet owners experiencing domestic violence. Provides adoption, rescue, and fostering services."
494,Minnesota,MN,Waseca County Animal Humane Society,Humane Society,info@wcahs.org,(507) 835-7747,https://wcahs.org,1306 North State Street,Waseca,56093,No-kill 501(c)(3) nonprofit organization. Dogs and cats for adoption in Minnesota.
495,Minnesota,MN,Angel of Hope Animal Rescue,Rescue,info@aohrescue.org,,http://www.aohrescue.org,,Lino Lakes,55014,501(c)(3) nonprofit dedicated to rescuing and providing loving care and vet care to animals in need.
496,Minnesota,MN,Heart of Minnesota Animal Shelter,Shelter,info@heartofminnesota.org,(320) 859-2154,https://www.heartofminnesota.org,800 SW 2nd Street,Olivia,56277,Animal shelter serving central Minnesota communities.
497,Minnesota,MN,Mesabi Humane Society,Humane Society,info@mesabihumanesociety.org,(218) 749-0513,https://mesabihumanesociety.org,505 2nd Avenue South,Virginia,55792,Humane society serving the Iron Range region of northern Minnesota.
498,Missouri,MO,Humane Society of Missouri,Humane Society,info@hsmo.org,(314) 647-8800,https://hsmo.org,1201 Macklind Avenue,St. Louis,63110,"Committed to the prevention of abuse and neglect of animals through adoption, veterinary care, rescue and rehabilitation. One of Missouri's largest humane societies."
499,Missouri,MO,KC Pet Project,Shelter,info@kcpetproject.org,(816) 683-1383,https://kcpetproject.org,4400 Raytown Road,Kansas City,64129,"Opens doors to over 16,000 animals annually. In 2024, cared for 16,028 animals with 10,436 adopted, 9,482 spay/neuter surgeries, and 1,856 lost pets reunited with families."
500,Missouri,MO,Stray Rescue of St. Louis,Rescue,info@strayrescue.org,(314) 771-6121,https://www.strayrescue.org,2320 Pine Street,St. Louis,63103,Has hundreds of wonderful dogs and cats looking for forever homes. Open daily 10AM-7PM for adoptions.
501,Missouri,MO,Open Door Animal Sanctuary,Sanctuary,info@odas.org,(636) 671-3278,https://odas.org,1400 Corporate Lake Drive,House Springs,63051,"Founded 1975, largest no-kill shelter in greater St. Louis area and State of Missouri. Takes in stray, abused, neglected and unwanted cats and dogs."
502,Missouri,MO,Humane Society of Southwest Missouri,Humane Society,info@swh.org,(417) 833-2526,https://www.swh.org,3161 W Norton Road,Springfield,65803,"Non-profit, no-kill animal shelter in Springfield that rescues dogs and cats and finds loving adoptive homes for them."
503,Missouri,MO,Central Missouri Humane Society,Humane Society,info@cmhspets.org,(573) 443-7387,https://cmhspets.org,616 Big Bear Boulevard,Columbia,65202,"Putting Pets with People since 1943. Open Mon-Fri 12-6, Sat 12-5, Sun 12-3."
504,Missouri,MO,APA Adoption Center,Rescue,info@apamo.org,(314) 645-4610,https://apamo.org,1705 South Hanley Road,St. Louis,63144,"Animal Protective Association of Missouri serves the St. Louis region for dog, cat and pet adoption, wellness, and ongoing education."
505,Missouri,MO,CARE STL,Shelter,info@icarestl.org,(314) 657-1500,https://www.icarestl.org,2801 Clark Avenue,St. Louis,63103,"Center for Animal Rescue and Enrichment is a 501(c)(3) nonprofit managing the City of St. Louis shelter, working to increase live-release rates."
506,Missouri,MO,Metro East Humane Society,Humane Society,info@mehs.org,(618) 656-4405,https://www.mehs.org,8495 State Route 143,Edwardsville,62025,"Since 1986, enriching lives of people, cats, and dogs. Saved 1,900 lives in 2024, distributed 20,000 lbs of free pet food. No-kill shelter."
507,Missouri,MO,Franklin County Humane Society,Humane Society,info@fchsmo.org,(636) 583-4300,https://fchsmo.org,1815 E Main Street,Union,63084,Where Paws and People Meet. Participates in BISSELL Pet Foundation's Empty the Shelters nationwide adoption events.
508,Missouri,MO,Northeast Missouri Humane Society,Humane Society,info@nemohumane.com,(573) 221-6331,https://www.nemohumane.com,4713 Highway 61 South,Hannibal,63401,Conducting capital campaign to continue making a difference in the lives of humans and animals in northeast Missouri.
509,Missouri,MO,Branson Humane Society,Humane Society,info@bransonhumanesociety.com,(417) 337-5433,https://bransonhumanesociety.com,1392 Bee Creek Road,Branson,65616,Serves homeless dogs and cats in Branson area. Launched Snip City in June 2025 for low-cost spay/neuter services. Operates adoption center and two thrift stores.
510,Missouri,MO,New Nodaway Humane Society,Humane Society,info@newnodawayhumanesociety.org,(660) 562-3333,https://www.newnodawayhumanesociety.org,1410 S Munn Avenue,Maryville,64468,"No-kill animal shelter giving shelter and care to lost, abused, or unwanted dogs and cats, advocating for humane treatment and reducing overpopulation."
511,Missouri,MO,Southeast Missouri Pets Adoption Center,Shelter,info@semopets.org,(573) 335-3500,https://www.semopets.org,1313 N Kingshighway,Cape Girardeau,63701,"Offers expanded humane education space with classrooms for camps, school visits, and programs promoting empathy and kindness."
512,Missouri,MO,Country Acres Rescue,Rescue,info@countryacresrescue.org,(636) 225-4888,https://countryacresrescue.org,2626 Highway N,Pacific,63069,"Receives no government funding, entirely dependent on adoption fees and charitable donations. Provides safe, secure, healthy environment for pets."
513,Missouri,MO,St. Charles County Pet Adoption Center,Animal Control,petadoption@sccmo.org,(636) 949-7387,https://www.sccmo.org/824/Pet-Adoption-Center,3000 Country Acres Lane,St. Charles,63301,"Open Admissions Shelter accepting authorized stray animals regardless of adoptability. Works with area shelters and rescue groups, has active foster parent program."
514,Mississippi,MS,Humane Society of South Mississippi,Humane Society,info@hssm.org,(228) 863-4394,https://www.hssm.org,2615 25th Avenue,Gulfport,39501,"Incorporated 1952, only open admissions shelter in South Mississippi. Cared for 5,000+ homeless pets in 2024, touches 16,000 animals in community. Countdown to Zero initiative."
515,Mississippi,MS,Southern Pines Animal Shelter,Shelter,info@southernpinesanimalshelter.org,(601) 544-6632,https://www.southernpinesanimalshelter.org,1901 N 31st Avenue,Hattiesburg,39401,"Open admission, no-kill shelter providing humane shelter, affordable spay/neuter, healthy pet services, and community education."
516,Mississippi,MS,Hub City Humane Society,Humane Society,info@hubcityhumanesociety.org,(601) 596-2206,https://hubcityhumanesociety.org,95 Jackson Road,Hattiesburg,39402,No-kill shelter with 90% adoption/placement rate. Specializes in adoptions and caring for mistreated pets with transport services across state lines.
517,Mississippi,MS,Tupelo-Lee Humane Society,Humane Society,info@tupeloleehumane.org,(662) 841-6500,https://tupeloleehumane.org,2400 S Gloster Street,Tupelo,38801,"Founded December 1979, 501(c)(3) nonprofit. Contracts with City of Tupelo and Lee County. Houses 6,000 animals per year."
518,Mississippi,MS,Pearl River County SPCA,Spca,info@prcspca.org,(601) 798-0954,https://prcspca.org,705 Veterans Boulevard,Picayune,39466,"Provides shelter, medical treatment, and adoption services. Sponsors educational services to prevent cruelty to animals."
519,Mississippi,MS,Animal A.I.D. of Mississippi,Rescue,info@animalaidms.org,,https://animalaidms.org,,Jackson,39201,"All volunteer foster-based 501(c)(3) providing care, nurturing and medical treatment for abused, neglected and abandoned dogs and cats."
520,Mississippi,MS,Mississippi Animal Rescue League (MARL),Rescue,info@msarl.org,(601) 969-1631,https://msarl.org,5221 Greenway Drive Extension,Jackson,39204,Animal rescue league serving the Jackson metro area with adoption and rescue services.
521,Mississippi,MS,St. Francis Animal Sanctuary,Sanctuary,info@stfrancisanimalsanctuary.org,(601) 366-3350,https://stfrancisanimalsanctuary.org,6250 Highway 18,Jackson,39209,Animal sanctuary serving the Jackson area providing care for animals in need.
522,Mississippi,MS,Rankin County Animal Shelter,Animal Control,animalshelter@rankincounty.org,(601) 824-2024,https://www.rankincounty.org/department/index.php?structureid=23,114 Grants Ferry Road,Brandon,39042,County animal shelter serving Rankin County near Jackson.
523,Mississippi,MS,Hancock County Animal Shelter,Animal Control,animalshelter@hancockcounty.ms.gov,(228) 467-0222,https://www.hancockcounty.ms.gov/158/Animal-Shelter,5261 Kiln-Delisle Road,Kiln,39556,"Provides temporary shelter with health screening, vaccinations, and mandatory spay/neutering of all adopted animals."
524,Mississippi,MS,New Hope Animal Rescue of Petal,Rescue,info@newhopepetal.org,,https://newhopepetal.org,,Petal,39465,Working to make a safe haven for homeless and unwanted pets in the Hattiesburg area.
525,Mississippi,MS,For Pet's Sake Rescue,Rescue,info@forpetssakerescue.org,,,,Gulfport,39501,"Committed to rescue, rehabilitate, and rehome animals along the Gulf Coast."
526,Mississippi,MS,Fixin The Coast,Nonprofit,info@fixinthecoast.org,,,,Gulfport,39501,"Mississippi 501(c)(3) nonprofit focused on feral cats through TNR (Trap, Neuter/Spay, Return)."
527,Mississippi,MS,Mississippi Coalition for Animal Protection,Nonprofit,info@mscap.org,,,,Jackson,39201,Coalition working to improve animal welfare across Mississippi.
528,Mississippi,MS,Jackson County Animal Shelter,Animal Control,animalshelter@jacksoncountyms.gov,(228) 497-1299,,,Pascagoula,39581,County animal shelter serving Jackson County on the Gulf Coast.
529,Montana,MT,Yellowstone Valley Animal Shelter,Shelter,info@yvas.org,(406) 294-7387,https://yvas.org,1735 Monad Road,Billings,59101,"501(c)(3) nonprofit opened 2009, now the largest animal shelter in Montana. Intakes over 5,000 animals annually, implementing industry best practices."
530,Montana,MT,Humane Society of Western Montana,Humane Society,info@myhswm.org,(406) 549-3934,https://myhswm.org,5930 US Highway 93 South,Missoula,59804,"501(c)(3) nonprofit providing pet adoption, low-cost veterinary care, training and behavior services. Receives no government funding."
531,Montana,MT,Lewis & Clark Humane Society,Humane Society,info@lchsmontana.org,(406) 442-1660,https://lchsmontana.org,2112 E Custer Avenue,Helena,59604,Ethically treats stray and unwanted animals. Offers programs to improve lives of rescue animals and provides shelter for pets involved in abuse cases.
532,Montana,MT,Heart of the Valley Animal Shelter,Shelter,info@heartofthevalleyshelter.org,(406) 388-9399,https://www.heartofthevalleyshelter.org,51 E Cameron Bridge Road,Bozeman,59718,No Kill Verified open admission shelter serving Gallatin and Madison Valleys. Accepts all cats and dogs regardless of condition or circumstance.
533,Montana,MT,Humane Society of Northwest Montana,Humane Society,info@humanesocietypets.com,(406) 752-0825,https://humanesocietypets.com,125 Half Moon Road,Kalispell,59901,Focused on finding caring homes for orphaned cats and dogs and ending the destruction of healthy adoptable pets in the Flathead Valley.
534,Montana,MT,Maclean-Cameron Animal Adoption Center,Shelter,info@mc-aac.org,(406) 727-7387,https://mc-aac.org,900 25th Avenue NE,Great Falls,59404,"Established 2002, 100% nonprofit running entirely on donations. Fosters caring community through shelter, animal welfare advancement, and education programs."
535,Montana,MT,City of Great Falls Animal Shelter,Animal Control,animalshelter@greatfallsmt.net,(406) 454-2276,https://greatfallsmt.net/animalshelter,1010 25th Avenue NE,Great Falls,59404,"Ensures health, safety and welfare of domesticated animals and citizens through education about responsible pet ownership. Uses rescue partners and adoption events."
536,Montana,MT,Beartooth Humane Alliance,Humane Society,info@beartoothhumane.org,(406) 446-0840,https://beartoothhumane.org,107 S Platt Avenue,Red Lodge,59068,"Serving Red Lodge community for over 15 years with adoption services, reuniting lost pets, and affordable spay/neuter programs."
537,Montana,MT,RezQ Dogs,Rescue,info@rezqdogs.org,,https://rezqdogs.org,,Havre,59501,Rescues abandoned and unwanted dogs primarily from Fort Belknap and Rocky Boy Indian Reservations in north-central Montana.
538,Montana,MT,Pet Paw-See,Rescue,info@petpawsee.org,,https://petpawsee.org,,Billings,59101,"Cat rescue focused on rescuing cats, providing medical care, educating the public, and finding forever homes."
539,Montana,MT,Paws to Peaks Rescue,Rescue,info@pawstopeaksrescue.org,,https://pawstopeaksrescue.org,,Bozeman,59715,"Adopts pointing breed dogs from shelters around Montana, provides loving care and retraining, finds rescue dogs forever homes."
540,Montana,MT,Freckles and Tomcat Rescue,Rescue,info@frecklesandtomcat.org,,,,Miles City,59301,Food co-op and no-kill shelter in southeastern Montana providing food for foster pets and shelters. 100% volunteer-run.
541,Montana,MT,Montana Pets on the Net,Nonprofit,info@montanapets.org,,http://montanapets.org,,Helena,59601,"Statewide resource to increase adoptions of Montana pets held in shelters, humane societies, and rescue groups across the state."
542,Montana,MT,Stafford Animal Shelter,Shelter,info@staffordanimalshelter.org,(406) 721-7387,https://staffordanimalshelter.org,4685 Commerce Way,Missoula,59808,Animal shelter serving the Missoula area with adoption and rescue services.
543,Montana,MT,Bitter Root Humane Association,Humane Society,info@bitterroothumane.org,(406) 363-5311,https://bitterroothumane.org,262 Fairgrounds Road,Hamilton,59840,Humane association serving the Bitter Root Valley in western Montana with animal rescue and adoption services.
544,North Carolina,NC,Humane Society of Charlotte,Humane Society,info@humanesocietyofcharlotte.org,(704) 377-0534,https://humanesocietyofcharlotte.org,2700 Toomey Avenue,Charlotte,28203,"Founded 1978, private 501(c)(3) nonprofit. Space available shelter providing low-cost spay/neuter services. Cared for 3,553 homeless animals in 2021."
545,North Carolina,NC,SPCA of Wake County,Spca,info@spcawake.org,(919) 772-2326,https://spcawake.org,200 Petfinder Lane,Raleigh,27603,"Collaborates with partners to decrease shelter intake. 4,631 pets taken in July 2021-June 2022. Among NC's largest animal welfare organizations."
546,North Carolina,NC,Asheville Humane Society,Humane Society,info@ashevillehumane.org,(828) 253-6807,https://www.ashevillehumane.org,14 Forever Friend Lane,Asheville,28806,"Only open-admission shelter in Buncombe County. Never turns away an animal in need. Finds homes for thousands annually including dogs, cats, rabbits, farm animals."
547,North Carolina,NC,Brother Wolf Animal Rescue,Rescue,info@bfrw.org,(828) 505-3440,https://brotherwolfanimalrescue.org,31 Glendale Avenue,Asheville,28803,Founded 2007 to provide resources and life-saving programs to build a No-Kill community.
548,North Carolina,NC,Animal Protection Society of Durham,Shelter,info@apsofdurham.org,(919) 560-0640,https://www.apsofdurham.org,2117 East Club Boulevard,Durham,27704,"501(c)(3) helping animals since 1970, managing Durham County Animal Shelter since 1990. Cares for nearly 5,000 stray, surrendered, abandoned animals annually."
549,North Carolina,NC,SPCA of the Triad,Spca,info@triadspca.org,(336) 375-3222,https://www.triadspca.org,3163 Hines Chapel Road,Greensboro,27405,"Supporting animals in need with adoption, clinics, and more since 1994. Serves the Triad area."
550,North Carolina,NC,Forsyth Humane Society,Humane Society,info@forsythhumane.org,(336) 721-1303,https://forsythhumane.org,4881 Country Club Road,Winston-Salem,27103,Among NC's largest humane societies serving Winston-Salem and Forsyth County.
551,North Carolina,NC,SAFE Haven for Cats,Shelter,info@safehavenforcats.org,(919) 872-7233,https://safehavenforcats.org,8431 Garvey Drive,Raleigh,27616,501(c)(3) no-kill shelter founded 1994. Raleigh's no-kill shelter and clinic dedicated to finding homes for homeless cats and kittens.
552,North Carolina,NC,Independent Animal Rescue,Rescue,info@animalrescue.net,(919) 932-8828,https://animalrescue.net,3417 Guess Road,Durham,27705,"Nonprofit providing foster, adoption, and spay/neuter services in the Triangle area. Dogs and cats live in foster homes as part of the family."
553,North Carolina,NC,Hope Animal Rescue,Rescue,info@hopeanimals.org,,https://www.hopeanimals.org,,Durham,27701,501(c)(3) all-volunteer organization dedicated to rescuing and rehoming dogs in North Carolina. Every dog deserves a chance.
554,North Carolina,NC,Saving Grace NC,Rescue,info@savinggracenc.org,(919) 443-4815,https://savinggracenc.org,1609 Guess Road,Hillsborough,27278,Approved SECC charity for 2024. Animal rescue organization serving central North Carolina.
555,North Carolina,NC,Paws for Life NC,Rescue,info@pawsforlifenc.org,,https://www.pawsforlifenc.org,,Raleigh,27603,"Registered 501(c)(3) animal rescue dedicated to saving homeless cats and dogs through fostering, spaying/neutering, and education."
556,North Carolina,NC,Carolina Paws,Rescue,info@carolinapaws.com,,https://www.carolinapaws.com,,Charlotte,28204,All-volunteer 501(c)(3) nonprofit animal rescue in greater Charlotte area. Devoted to helping abandoned and abused cats and dogs find loving homes.
557,North Carolina,NC,SPCA of Northeastern North Carolina,Spca,info@spcaofnenc.org,(252) 338-5222,https://www.spcaofnenc.org,,Elizabeth City,27909,"Serving Elizabeth City and surrounding region for decades. Caring for homeless, abandoned, and vulnerable animals."
558,North Carolina,NC,Carolina Animal Rescue and Adoption,Rescue,info@cara-nc.org,(336) 953-0925,https://www.cara-nc.org,,Sanford,27330,Animal rescue and adoption organization serving central North Carolina.
559,North Dakota,ND,Central Dakota Humane Society,Humane Society,info@cdhs.net,(701) 667-2020,https://cdhs.net,2104 37th Street,Mandan,58554,"Serving Bismarck-Mandan and central North Dakota for more than 60 years. Rescues, houses, rehabilitates, and rehomes stray, injured, abandoned, and abused animals."
560,North Dakota,ND,Homeward Animal Shelter,Shelter,info@homewardonline.org,(701) 239-0077,https://homewardonline.org,1201 28th Avenue North,Fargo,58102,"Rescues, shelters, protects, and rehomes animals. Mission to care for, protect, and place animals in lifelong homes while preventing cruelty through education."
561,North Dakota,ND,James River Humane Society,Humane Society,info@jamesriverhumanesociety.org,(701) 252-0747,https://www.jamesriverhumanesociety.org,8700 37th Street SE,Jamestown,58401,"Established 1985, nonprofit no-kill shelter set up to care for homeless cats and dogs. Located at I-94 Exit 262, Bloom Exit."
562,North Dakota,ND,Journey Home Animal Rescue,Rescue,info@journeyhomeanimalrescue.org,(701) 775-3732,https://www.journeyhomeanimalrescue.org,,Grand Forks,58201,Mission is to be a part of an animal's journey to a better life. Animal rescue serving the Grand Forks area.
563,North Dakota,ND,Furry Friends Rockin' Rescue,Rescue,info@furryfriendsrockinrescue.org,,https://furryfriendsrockinrescue.org,,Bismarck,58501,"Nonprofit started 2014, incorporated 2015 by Bismarck Animal Impound volunteers. Volunteer-run to alleviate pound overcrowding and euthanization."
564,North Dakota,ND,4 Luv of Dog Rescue,Rescue,info@4luvofdog.org,,https://www.4luvofdog.org,,Fargo,58103,100% volunteer-run rescue. Provides and pays for all necessities for foster animals - fosters only provide loving home until dog gets adopted.
565,North Dakota,ND,Circle of Friends Animal Shelter,Shelter,info@circleoffriendsanimalshelter.org,(701) 775-3732,https://circleoffriendsanimalshelter.org,,Grand Forks,58201,Animal shelter serving the Grand Forks area of northeast North Dakota.
566,North Dakota,ND,Souris Valley Animal Shelter,Shelter,info@sourisvalleyanimalshelter.org,(701) 852-6133,https://sourisvalleyanimalshelter.org,1900 20th Avenue SE,Minot,58701,Animal shelter serving Minot and the Souris Valley region of north-central North Dakota.
567,North Dakota,ND,Cat's Cradle Shelter,Shelter,info@catscradleshelter.org,(701) 356-7877,https://catscradleshelter.org,,Fargo,58103,Cat shelter serving the Fargo-Moorhead area of eastern North Dakota.
568,North Dakota,ND,TLC-ND Animal Rescue,Rescue,info@tlcnd.org,,https://tlcnd.org,,Devils Lake,58301,Animal rescue organization serving Devils Lake and the surrounding region.
569,North Dakota,ND,Oreo's Animal Rescue,Rescue,info@oreosanimalrescue.org,,https://oreosanimalrescue.org,,Dickinson,58601,Animal rescue organization serving Dickinson and southwest North Dakota.
570,North Dakota,ND,MonDak Animal Rescue,Rescue,info@mondakanimalrescue.org,,https://mondakanimalrescue.org,,Williston,58801,Animal rescue serving Williston and the Montana-Dakota border region.
571,North Dakota,ND,Miles of Love Dog Rescue,Rescue,info@milesoflove.org,,https://milesoflove.org,,Mandan,58554,Dog rescue organization founded 2017 serving the Bismarck-Mandan area.
572,North Dakota,ND,North Dakota Animals in Need,Rescue,info@ndanimalsinneed.org,,,,Lincoln,58504,Animal welfare organization founded 2014 serving central North Dakota.
573,North Dakota,ND,Spay and Neuter Center,Nonprofit,info@spayandneutercenter.org,,,,Bismarck,58501,Animal welfare organization founded 2011 providing spay/neuter services in the Bismarck area.
574,Nebraska,NE,Nebraska Humane Society,Humane Society,info@nehumanesociety.org,(402) 444-7800,https://nehumanesociety.org,8929 Fort Street,Omaha,68134,"Established 1875, fifth oldest Humane Society in the United States. Originally founded for protection of both animals and children. Provides adoption, medical care, and animal control services."
575,Nebraska,NE,Capital Humane Society,Humane Society,info@capitalhumanesociety.org,(402) 441-4488,https://www.capitalhumanesociety.org,6500 S 70th Street,Lincoln,68516,"Serves community by sheltering unwanted pets, advocates for animal welfare, and strives to educate the public about responsible pet care."
576,Nebraska,NE,Hearts United for Animals,Sanctuary,hua@hua.org,(402) 274-3679,https://hua.org,539 Pony Creek Road,Auburn,68305,"No-kill organization dedicated to relieving suffering of domestic animals by providing quality shelter, sanctuary, adoptions, and promoting animal welfare issues."
577,Nebraska,NE,Central Nebraska Humane Society,Humane Society,info@cnhs-gi.com,(308) 385-5305,https://cnhs-gi.com,1312 Sky Park Road,Grand Island,68801,"Established 1967, open entry shelter caring for over 3,000 animals annually. In 2024: reunited 693 lost animals, adopted 741, transferred 122. Shelters 70 dogs and 125+ cats daily."
578,Nebraska,NE,Animal Shelter of Northeast Nebraska,Shelter,info@animalshelternn.org,(402) 379-4440,https://www.animalshelternn.org,1309 W Braasch Avenue,Norfolk,68701,"Since 2016, saved over 6,000 animals. Offers educational services for youth, supports domestic violence survivors, assists Veterans and seniors. Receives no city or state funding."
579,Nebraska,NE,Kearney Area Animal Shelter,Shelter,info@kearneyanimalshelter.com,(308) 237-3229,https://www.kearneyanimalshelter.com,915 Avenue L,Kearney,68847,"No-kill, nonprofit animal shelter dedicated to providing safe, loving environment for dogs and cats. Rescues, rehabilitates, and finds forever homes."
580,Nebraska,NE,Panhandle Humane Society,Humane Society,info@panhandlehumanesociety.org,(308) 632-0079,https://panhandlehumanesociety.org,4305 Avenue I,Scottsbluff,69361,"Prevents neglect, abuse, and cruelty towards animals while addressing pet overpopulation and homelessness in the Nebraska Panhandle."
581,Nebraska,NE,Homeward Bound in the Heartland,Rescue,info@hbith.org,,https://hbith.org,,Omaha,68106,"Small group of rescuers in Omaha area. Foster-based rescue that doesn't discriminate on health, age, or breed. Rescues animals from difficult situations."
582,Nebraska,NE,McCook Humane Society,Humane Society,info@mccookhumanesociety.com,(308) 345-6868,https://www.mccookhumanesociety.com,302 East 5th Street,McCook,69001,Providing a temporary home for dogs and cats since 1983. Serving southwest Nebraska.
583,Nebraska,NE,Town and Country Animal Rescue,Rescue,info@tcanimalrescue.org,(402) 339-0055,https://tcanimalrescue.org,8218 South 84th Street,Papillion,68046,Animal rescue organization serving the Omaha metro and Papillion area with adoption services.
584,Nebraska,NE,Paws-itive Partners,Rescue,info@paws-itivepartners.com,(308) 520-0073,https://paws-itivepartners.com,,North Platte,69101,Animal rescue serving the North Platte and central Nebraska area.
585,Nebraska,NE,Golden Retriever Rescue in Nebraska,Rescue,info@grrin.org,(402) 330-6680,https://grrin.org,,Omaha,68137,"Founded 1991, provides network to shelter, rehabilitate, and re-home Golden Retrievers displaced due to family circumstances or other needs."
586,Nebraska,NE,Heartland Pet Connection,Rescue,info@heartlandpetconnection.org,(402) 462-0124,https://heartlandpetconnection.org,602 W 1st Street,Hastings,68901,Animal rescue serving the Hastings and south central Nebraska area with adoption and foster services.
587,Nebraska,NE,York Adopt-a-Pet,Rescue,info@yorkadoptapet.org,(402) 362-3877,https://yorkadoptapet.org,,York,68467,Animal rescue and adoption organization serving the York and eastern Nebraska area.
588,Nebraska,NE,Bullies-N-Beyond ResQ,Rescue,info@bnbresq.org,,https://bnbresq.org,,Omaha,68134,All-volunteer 501(c)(3) nonprofit providing safe adoptive homes for every dog in their care and advocating for Bully dog breeds through education.
589,New Hampshire,NH,New Hampshire SPCA,Spca,info@nhspca.org,(603) 772-2921,https://nhspca.org,104 Portsmouth Avenue,Stratham,03885,"New Hampshire's oldest and largest animal shelter. Offers pet adoption, dog training, summer camps, cruelty intervention, low cost spay/neuter clinics, and humane education."
590,New Hampshire,NH,Humane Society for Greater Nashua,Humane Society,info@hsfn.org,(603) 889-2275,https://www.hsfn.org,24 Ferry Road,Nashua,03064,"501(c)(3) nonprofit founded in 1900, celebrates 125 years. Offers Dog Transport Program, Seniors for Seniors program, Pet Food Pantry, and low-cost veterinary care."
591,New Hampshire,NH,Manchester Animal Shelter,Shelter,info@manchesteranimalshelter.org,(603) 628-3544,https://www.manchesteranimalshelter.org,490 Dunbarton Road,Manchester,03102,"Goal is zero-population growth through spay/neuter programs. Focuses on education, medical care, fostering, and adoption. Believes all animals deserve life, respect, and care."
592,New Hampshire,NH,Animal Rescue League of New Hampshire,Rescue,info@rescueleague.org,(603) 472-3647,https://www.rescueleague.org,545 Route 101,Bedford,03110,"Serves over 2,000 pets and their families each year. Voted Best Place to Volunteer two years in a row in Best of the 603."
593,New Hampshire,NH,New Hampshire Humane Society,Humane Society,info@nhhumane.org,(603) 524-3252,https://www.nhhumane.org,1305 Meredith Center Road,Laconia,03246,Nonprofit 501(c)(3) dedicated to finding loving homes for homeless pets and providing temporary shelter and care for lost dogs and cats.
594,New Hampshire,NH,Monadnock Humane Society,Humane Society,info@monadnockhumanesociety.org,(603) 352-9011,https://monadnockhumanesociety.org,101 West Swanzey Road,Swanzey,03446,Humane society serving the Monadnock region of southwest New Hampshire with adoption and animal welfare services.
595,New Hampshire,NH,Conway Area Humane Society,Humane Society,info@conwayhumane.org,(603) 447-5955,https://conwayhumane.org,223 East Main Street,Conway,03818,Humane society serving the Mount Washington Valley and White Mountains region.
596,New Hampshire,NH,Upper Valley Humane Society,Humane Society,info@uvhs.org,(603) 448-6888,https://uvhs.org,300 Old Route 10,Enfield,03748,Humane society serving the Upper Valley region of New Hampshire and Vermont border area.
597,New Hampshire,NH,Lakes Region Humane Society,Humane Society,info@lrhs.net,(603) 539-1077,https://lrhs.net,11 Old Route 28,Ossipee,03864,Humane society serving the Lakes Region of New Hampshire.
598,New Hampshire,NH,Sullivan County Humane Society,Humane Society,info@sullivancountyhumanesociety.org,(603) 542-3277,https://sullivancountyhumanesociety.org,14 Tremont Street,Claremont,03743,Humane society serving Sullivan County in western New Hampshire.
599,New Hampshire,NH,Franklin Animal Shelter,Shelter,info@franklinanimalshelter.com,(603) 934-4132,https://franklinanimalshelter.com,71 Punch Brook Road,Franklin,03235,Animal shelter serving Franklin and central New Hampshire communities.
600,New Hampshire,NH,Above the Notch Humane Society,Humane Society,info@atnhs.org,(603) 444-2797,https://atnhs.org,65 Lyman Road,Bethlehem,03574,Humane society serving the North Country region of New Hampshire above the White Mountain notches.
601,New Hampshire,NH,Greater Derry Humane Society,Rescue,info@derryhumanesociety.org,,https://derryhumanesociety.org,,Derry,03038,Rescues animals and places them in permanent loving homes. All rescued animals kept in foster homes until placement - no physical shelter.
602,New Hampshire,NH,Hero Pups,Rescue,info@heropups.com,,https://heropups.com,,Stratham,03885,"Animal rescue organization based in Stratham, NH dedicated to finding homes for dogs in need."
603,New Hampshire,NH,Coos Animal Sanctuary,Sanctuary,info@coosanimals.com,,https://coosanimals.com,,Lancaster,03584,Animal sanctuary serving the northernmost county in New Hampshire.
604,New Jersey,NJ,Associated Humane Societies,Humane Society,info@ahscares.org,(973) 824-7080,https://ahscares.org,124 Evergreen Avenue,Newark,07114,"Founded 1906, New Jersey's First Animal Shelter and largest sheltering system. Over 100 years of service with three shelters in Newark, Forked River, and Tinton Falls."
605,New Jersey,NJ,St. Hubert's Animal Welfare Center,Shelter,info@sthuberts.org,(973) 377-2295,https://www.sthuberts.org,575 Woodland Avenue,Madison,07940,"Dedicated to humane treatment of animals. All animals examined, temperament assessed, vaccinated, dewormed, microchipped, and spayed/neutered before release."
606,New Jersey,NJ,Animal Welfare Association,Shelter,info@awanj.org,(856) 424-2288,https://www.awanj.org,509 Centennial Boulevard,Voorhees,08043,"South New Jersey's oldest and largest no-kill shelter and low-cost veterinary clinic. AWA Pet Clinic provides low-cost vaccinations, spay/neuter, and wellness services."
607,New Jersey,NJ,NJ Humane Society,Humane Society,info@newjerseyhumanesociety.org,(201) 714-0909,https://www.newjerseyhumanesociety.org,17 Industrial Road,Lodi,07644,No-kill shelter serving Hudson County and Northern New Jersey. Mission to protect and rescue stray and domesticated animals.
608,New Jersey,NJ,Monmouth County SPCA,Spca,info@monmouthcountyspca.org,(732) 542-0040,https://monmouthcountyspca.org,260 Wall Street,Eatontown,07724,"SPCA serving Monmouth County with adoption services, rescue, and animal welfare programs."
609,New Jersey,NJ,Bergen County SPCA,Spca,info@bergenspca.org,(201) 943-4019,https://bergenspca.org,100 Polifly Road,Hackensack,07601,Addresses animal cruelty in Bergen County's 250 square miles and 70 municipalities. Promotes responsible pet ownership and accessible veterinary services.
610,New Jersey,NJ,Ramapo-Bergen Animal Refuge,Rescue,info@rbari.org,(201) 337-5180,https://rbari.org,2 Shelter Lane,Oakland,07436,"Bergen County's only nonprofit, no-kill shelter. Protects abandoned, abused, and unwanted animals by finding loving homes and providing food, shelter, and medical treatment."
611,New Jersey,NJ,Liberty Humane Society,Humane Society,info@libertyhumane.org,(201) 547-4147,https://libertyhumane.org,235 Jersey City Boulevard,Jersey City,07305,"Provides shelter, medical care, and adoption services for homeless animals. Promotes responsible pet ownership through community education."
612,New Jersey,NJ,Secaucus Animal Shelter,Shelter,info@sasnj.org,(201) 617-8820,https://sasnj.org,30 Meadow Lane,Secaucus,07094,"Rescues abandoned, abused and injured animals; rehabilitates them; vaccinates, spays/neuters; and finds them loving adoptive homes."
613,New Jersey,NJ,Humane Society of Bergen County,Humane Society,info@hsbcnj.org,(201) 894-9898,https://www.hsbcnj.org,221-223 Stuyvesant Avenue,Lyndhurst,07071,"Providing care to all animals since 1972. Houses dogs, cats, birds, and other wildlife."
614,New Jersey,NJ,Animal Protection League of NJ,Rescue,info@aplnj.org,(973) 744-0120,https://aplnj.org,80 Church Street,Montclair,07042,Animal rescue and protection organization serving Northern New Jersey.
615,New Jersey,NJ,Jersey Shore Animal Center,Shelter,info@jerseyshoreanimalcenter.org,(732) 920-1600,https://jerseyshoreanimalcenter.org,185 Brick Boulevard,Brick,08723,Animal shelter supporting animals in need along the Jersey Shore and Ocean County area.
616,New Jersey,NJ,NJSPCA,Spca,info@njspca.org,(800) 582-5979,https://njspca.org,,Newark,07102,"Created 1868, second oldest SPCA in the country. Law Enforcement Officers investigate and prosecute animal abuse and neglect statewide."
617,New Jersey,NJ,All About Animals NJ,Rescue,info@allaboutanimalsnj.org,,https://allaboutanimalsnj.org,,Brick,08723,"Nonprofit animal rescue in Ocean County helping pets find forever homes, assisting unwanted cats and dogs."
618,New Jersey,NJ,Homeward Bound Pet Adoption Center,Shelter,info@homewardboundnj.org,(856) 401-1300,https://homewardboundnj.org,125 S Blackhorse Pike,Blackwood,08012,"Pet adoption center serving South Jersey with rescue, adoption, and community programs."
619,New Mexico,NM,Animal Humane New Mexico,Humane Society,info@animalhumanenm.org,(505) 255-5523,https://animalhumanenm.org,615 Virginia Street SE,Albuquerque,87108,"98% live release rate. Donor-subsidized Veterinary Clinic exclusively for low-income pet owners. In 2024, transferred in over 1,890 at-risk pets from overcrowded rural shelters statewide."
620,New Mexico,NM,Santa Fe Animal Shelter & Humane Society,Humane Society,info@sfhumanesociety.org,(505) 983-4309,https://sfhumanesociety.org,100 Caja Del Rio Road,Santa Fe,87507,"Since 1939, 501(c)(3) nonprofit dedicated to supporting animals, saving lives, and spreading compassion. Supported mostly through public donations."
621,New Mexico,NM,Watermelon Mountain Ranch,Sanctuary,info@wmranch.org,(505) 867-4427,https://www.wmranch.org,3600 Jemez Dam Road,Rio Rancho,87144,New Mexico's largest no-kill animal shelter. Pet rescue and advocacy organization saving thousands of dogs and cats each year in the southwest US.
622,New Mexico,NM,ACTion Programs for Animals,Rescue,info@apalascruces.org,(575) 644-0505,https://apalascruces.org,537 N Solano Drive,Las Cruces,88001,"Rescues dogs and cats, runs local pet food bank, P.A.W.S. prison dog training program, and Second Chance Thrift Store."
623,New Mexico,NM,Safe Haven Animal Sanctuary,Sanctuary,info@shaspets.com,(575) 527-4544,https://shaspets.com,840 El Paseo Road,Las Cruces,88001,"No-kill 501(c)(3) nonprofit serving abandoned pets for over 25 years. Receives no government funding, raises 100% of operating budget."
624,New Mexico,NM,Doña Ana County Humane Society,Humane Society,info@dachslc.org,(575) 647-4808,https://www.dachslc.org,,Las Cruces,88005,"Founded 1955, Las Cruces' oldest animal welfare organization. Volunteer-based. Established 'Ruff to Ready' program for basic behavior training."
625,New Mexico,NM,Roswell Humane Society,Humane Society,info@roswellhumane.org,(575) 622-8950,https://roswellhumane.org,705 E McGaffey Street,Roswell,88203,"Advocates for animals by sheltering the lost and unwanted, promoting responsible ownership, and educating the public to inspire compassion."
626,New Mexico,NM,Española Humane,Humane Society,info@espanolahumane.org,(505) 753-8662,https://www.espanolahumane.org,108 Hamm Parkway,Española,87532,501(c)(3) nonprofit improving the lives of animals in underserved communities.
627,New Mexico,NM,Felines & Friends New Mexico,Rescue,info@fandfnm.org,(505) 466-1676,https://www.fandfnm.org,,Santa Fe,87501,"Since 2002, given second chances to over 6,500 cats and kittens. Accepts homeless cats including those too young for placement or with health/behavioral issues."
628,New Mexico,NM,Animal Protection New Mexico,Nonprofit,info@apnm.org,(505) 265-2322,https://apnm.org,3501 Monte Vista Boulevard NE,Albuquerque,87106,40 years of positive change. Statewide nonprofit protecting animals by creating social change for humane treatment. Addresses cat/dog overpopulation crisis.
629,New Mexico,NM,Friends of Roswell Animals,Rescue,info@forarescue.org,,https://www.forarescue.org,,Roswell,88201,"All volunteer 501(c)(3) nonprofit established 2015. Saves lost or abandoned cats and dogs, provides foster care, coordinates transport to rescue partners."
630,New Mexico,NM,Animal Services Center of the Mesilla Valley,Animal Control,info@ascmv.org,(575) 382-0018,https://www.ascmv.org,3551 Bataan Memorial West,Las Cruces,88012,Only open-admission municipal animal shelter in city and county. High-intake shelter serving Las Cruces and Mesilla Valley.
631,New Mexico,NM,Paws and Stripes,Nonprofit,info@pawsandstripes.org,(505) 312-0026,https://pawsandstripes.org,,Albuquerque,87106,Pairs veterans with shelter dogs for free to provide animal assisted therapy for service-connected trauma.
632,New Mexico,NM,Street Cat HUB,Rescue,info@streetcathub.org,,https://streetcathub.org,,Albuquerque,87102,"Albuquerque-based organization preventing cruelty to feral cats, educating the public, and providing humane population control resources."
633,New Mexico,NM,Sierra County Animal Rescue Society,Rescue,info@sierracountyanimalrescuesociety.com,,https://www.sierracountyanimalrescuesociety.com,,Truth or Consequences,87901,Animal rescue serving Sierra County and southern New Mexico.
634,Nevada,NV,Nevada Humane Society,Humane Society,info@nevadahumanesociety.org,(775) 856-2000,https://nevadahumanesociety.org,2825 Longley Lane,Reno,89502,"Incorporated 1932, only open-admission no-kill shelter in Nevada. Provides care to over 20,000 animals annually including dogs, cats, rabbits, and small animals. Campuses in Reno and Carson City."
635,Nevada,NV,The Animal Foundation,Shelter,info@animalfoundation.com,(702) 384-3333,https://animalfoundation.com,655 N Mojave Road,Las Vegas,89101,"Helps 20,000+ animals annually find safety, healing, and love. Offers adoption, veterinary care, emergency pop-up pet food pantries, and essential resources."
636,Nevada,NV,Nevada SPCA,Spca,info@nevadaspca.org,(702) 873-7722,https://nevadaspca.org,4800 W Dewey Drive,Las Vegas,89118,"Since 1982, Southern Nevada's original no-kill animal shelter. Independent 501(c)(3) nonprofit supported by community donations. Walk-in adoptions with low fees."
637,Nevada,NV,SPCA of Northern Nevada,Spca,info@spcanevada.org,(775) 324-7773,https://spcanevada.org,4950 Spectrum Boulevard,Reno,89512,"Leading advocate for animal welfare. Offers affordable spay/neuter services, vaccination and microchip clinics, pet surrender assistance, and behavior help."
638,Nevada,NV,Las Vegas Valley Humane Society,Humane Society,info@lvvhumane.org,(702) 434-2009,https://www.lvvhumane.org,5870 S Decatur Boulevard,Las Vegas,89118,"Nonprofit organization dedicated to rescue of sick, injured, and homeless animals in Southern Nevada."
639,Nevada,NV,Pet Network Humane Society,Humane Society,info@petnetwork.org,(775) 832-4404,https://www.petnetwork.org,401 Village Boulevard,Incline Village,89451,"Based near Lake Tahoe, enables pets and people to connect and thrive. All animals leave microchipped, dewormed, spayed/neutered, and vaccinated."
640,Nevada,NV,Henderson Animal Protection Services,Animal Control,animalprotection@cityofhenderson.com,(702) 267-4970,https://www.cityofhenderson.com/government/departments/community-development-and-services/animal-protection-services,300 E Galleria Drive,Henderson,89011,"Animal Protection Officers, shelter staff, and veterinary team reuniting lost pets, providing medical care, and handling adoptions."
641,Nevada,NV,Crazy4Pawz,Rescue,info@crazy4pawz.org,,https://crazy4pawz.org,,Henderson,89014,"Foster-based nonprofit animal rescue in Henderson saving unwanted and abandoned pets, educating public on pet care, and stopping backyard breeding."
642,Nevada,NV,Las Vegas Rescue Center,Rescue,info@lasvegasrescuecenter.org,,https://lasvegasrescuecenter.org,,Las Vegas,89119,"501(c)(3) nonprofit saving homeless and abandoned dogs and cats. All animals spayed/neutered, fully vaccinated, and microchipped before adoption."
643,Nevada,NV,Forgotten Dogs Animal Rescue,Rescue,info@forgottendogsanimalrescue.org,,https://forgottendogsanimalrescue.org,,Las Vegas,89101,"Honored March 20, 2024 as Forgotten Dogs Animal Rescue Day by Las Vegas Mayor and City Council. Rescues neglected animals into foster homes."
644,Nevada,NV,Nevada Humane Society - Carson City,Humane Society,carsoncity@nevadahumanesociety.org,(775) 887-2171,https://nevadahumanesociety.org,549 Airport Road,Carson City,89701,"Carson City campus of Nevada Humane Society providing adoption, rescue, and low-cost veterinary services to the capital area."
645,Nevada,NV,Carson Tahoe Pet Network,Rescue,info@carsontahoepetnetwork.org,,https://carsontahoepetnetwork.org,,Carson City,89701,Animal rescue serving the Carson City and Lake Tahoe region with foster-based rescue programs.
646,Nevada,NV,Lied Animal Shelter,Shelter,info@animalfoundation.com,(702) 384-3333,https://animalfoundation.com,655 N Mojave Road,Las Vegas,89101,"One of the largest single-site animal shelters in the nation, operated by The Animal Foundation serving the Las Vegas community."
647,Nevada,NV,Best Friends Animal Society Nevada,Rescue,lasvegas@bestfriends.org,(702) 249-0600,https://bestfriends.org/las-vegas,7550 W Sunset Road,Las Vegas,89113,"National organization with Las Vegas location providing rescue, foster programs, and community outreach to help make Nevada no-kill by 2025."
648,Nevada,NV,Animal Rescue Foundation of Nevada,Rescue,info@arfnv.org,,https://arfnv.org,,Reno,89502,Animal rescue foundation serving the Reno area with adoption and rescue services.
649,New York,NY,ASPCA,Spca,info@aspca.org,(888) 426-4435,https://www.aspca.org,424 East 92nd Street,New York,10128,American Society for the Prevention of Cruelty to Animals headquartered in NYC. Provides adoption and medical services to the public.
650,New York,NY,Animal Care Centers of NYC,Shelter,info@nycacc.org,(212) 788-4000,https://www.nycacc.org,326 East 110th Street,New York,10029,NYC's largest animal shelter maintaining database of pets for adoption and resources for pet owners.
651,New York,NY,Humane Society of New York,Humane Society,info@humanesocietyny.org,(212) 752-4842,https://humanesocietyny.org,306 East 59th Street,New York,10022,"Founded 1904, nonprofit veterinary hospital and no-kill shelter. Makes high-quality, affordable veterinary care accessible. Fights for stronger animal welfare legislation."
652,New York,NY,Best Friends Animal Society NYC,Rescue,newyork@bestfriends.org,(212) 796-0680,https://bestfriends.org/new-york-city,307 West Broadway,New York,10013,Leading the no-kill movement with lifesaving adoption and spay/neuter programs for dogs and cats across all five boroughs and tri-state area.
653,New York,NY,North Shore Animal League America,Rescue,info@animalleague.org,(516) 883-7575,https://www.animalleague.org,25 Davis Avenue,Port Washington,11050,World's largest no-kill animal rescue and adoption organization. Among NY's largest animal welfare nonprofits.
654,New York,NY,Mayor's Alliance for NYC's Animals,Nonprofit,info@animalalliancenyc.org,(212) 330-0033,https://www.animalalliancenyc.org,244 Fifth Avenue,New York,10001,501(c)(3) nonprofit founded 2003. Source of information for pet owners seeking services and resources to care for their pets in NYC.
655,New York,NY,Animal Haven,Shelter,info@animalhavenshelter.org,(212) 274-8511,https://www.animalhavenshelter.org,200 Centre Street,New York,10013,No-kill animal shelter in Manhattan finding homes for abandoned cats and dogs in New York.
656,New York,NY,Bideawee,Shelter,info@bideawee.org,(866) 262-8133,https://www.bideawee.org,410 East 38th Street,New York,10016,"One of America's oldest animal welfare organizations. Provides adoption, veterinary services, and pet bereavement support."
657,New York,NY,Central New York SPCA,Spca,info@cnyspca.org,(315) 454-4479,https://cnyspca.org,5878 East Molloy Road,Syracuse,13211,"Speaks for those who cannot speak for themselves. Running capital campaign for growing needs. Received $172,490 grant for roof replacement."
658,New York,NY,Mohawk Hudson Humane Society,Humane Society,info@mohawkhumane.org,(518) 434-8128,https://mohawkhumane.org,3 Oakland Avenue,Menands,12204,"Received $500,000 for new veterinary suite. Serves Albany and Capital Region."
659,New York,NY,Humane Society of Rochester and Monroe County,Humane Society,info@lollypop.org,(585) 223-1330,https://www.lollypop.org,99 Victor Road,Fairport,14450,Among NY's largest humane societies. Lollypop Farm provides animal welfare services to Rochester and Monroe County.
660,New York,NY,Southampton Animal Shelter Foundation,Shelter,info@sasf.org,(631) 728-7387,https://www.sasf.org,102 Old Riverhead Road,Hampton Bays,11946,"Received $500,000 for new Behavior Training Center allowing year-round rehabilitation work with dogs."
661,New York,NY,Sean Casey Animal Rescue,Rescue,info@nyanimalrescue.org,(718) 436-5163,https://www.nyanimalrescue.org,153 East 3rd Street,Brooklyn,11218,"Brooklyn-based nonprofit providing shelter, medical care, and adoption services for cats, dogs, and small animals."
662,New York,NY,Finger Lakes SPCA of CNY,Spca,info@flspcaofcny.org,(315) 253-5841,https://www.flspcaofcny.org,41 York Street,Auburn,13021,"Offers pet adoption, low-cost spay/neuter services, and community help to keep animals safe and loved."
663,New York,NY,Humane Society of Walden,Humane Society,info@waldenhumane.org,(845) 778-5115,https://waldenhumane.org,2489 Albany Post Road,Walden,12586,"No-kill, nonprofit safe haven for stray and abandoned cats and dogs. Serves Montgomery, Walden, Maybrook, Crawford, and surrounding communities."
664,Ohio,OH,Columbus Humane,Humane Society,info@columbushumane.org,(614) 777-7387,https://www.columbushumane.org,3015 Scioto Darby Executive Court,Hilliard,43026,"Advancing animal welfare since 1883. Works with over 8,000 animals and thousands more people annually. Responds to reports of animal cruelty and neglect."
665,Ohio,OH,Ohio SPCA,Spca,info@ohiospca.org,(419) 991-1775,https://www.ohiospca.org,3606 Elida Road,Lima,45807,"501(c)(3) dedicated to rescuing, rehoming, and rehabilitating animals. Animal Shelter houses up to 300 cats and 80 dogs. Farm Sanctuary with 50+ rescued farm animals."
666,Ohio,OH,Rescue Village,Humane Society,info@rescuevillage.org,(440) 338-4819,https://www.rescuevillage.org,15463 Chillicothe Road,Novelty,44072,"Humane society serving Cleveland area's eastern communities. Partners with 45+ shelters and rescues regionally. Helps around 3,000 animals annually."
667,Ohio,OH,PAWS Ohio,Rescue,info@pawsohio.org,(216) 407-0109,https://www.pawsohio.org,,Cleveland,44114,"Founded 1976, 501(c)(3) no-kill organization. One of Ohio's most reputable cat and dog rescue groups. Foster-based rescue - no physical shelter."
668,Ohio,OH,Northeast Ohio SPCA,Spca,info@northeastohiospca.org,(216) 351-7387,https://northeastohiospca.org,9555 Brookpark Road,Parma,44129,"No-kill pet shelter and clinic. No-kill, nonprofit private agency receiving no government funding."
669,Ohio,OH,Toledo Humane Society,Humane Society,info@toledohumane.org,(419) 891-0705,https://toledohumane.org,827 Illinois Avenue,Maumee,43537,"Hundreds of dogs, cats, puppies, kittens, and pocket pets looking for homes. All animals receive medical exam, vaccines, microchip, and spay/neuter before adoption."
670,Ohio,OH,Summit County Humane Society,Humane Society,info@summithumane.org,(330) 487-0333,https://summithumane.org,7996 Darrow Road,Twinsburg,44087,Humane Society of Greater Akron serving Summit County and the Akron area.
671,Ohio,OH,One of a Kind Pet Rescue,Rescue,info@oneofakindpets.com,(330) 865-6200,https://www.oneofakindpets.com,1929 West Market Street,Akron,44313,Nearly 100% of animals rescued from euthanasia. All spayed/neutered and current on vaccinations before adoption.
672,Ohio,OH,Haven for Pets,Rescue,info@havenforpets.org,(330) 608-4823,https://havenforpets.org,,Akron,44310,"All volunteer animal rescue group helping dogs and cats in Summit County, Ohio."
673,Ohio,OH,CHA Animal Shelter,Shelter,info@chaanimalshelter.org,(614) 268-6964,https://chaanimalshelter.org,3929 Indianola Avenue,Columbus,43214,Animal shelter serving the Columbus area with cats and dogs available for adoption.
674,Ohio,OH,Stop The Suffering Animal Rescue,Rescue,info@stopthesuffering.org,,https://www.stopthesuffering.org,,Columbus,43215,"Columbus-based nonprofit rescuing dogs and cats from high kill shelters, primarily in Ohio, and transporting them to safety."
675,Ohio,OH,Cuyahoga County Animal Shelter,Animal Control,info@animalshelter.cuyahogacounty.gov,(216) 525-7877,https://animalshelter.cuyahogacounty.gov,9500 Sweet Valley Drive,Valley View,44125,Provides temporary home to lost or stray dogs. Dog licensing authority for Cuyahoga County.
676,Ohio,OH,League for Animal Welfare,Shelter,info@lfaw.org,(513) 735-2299,https://lfaw.org,4193 Taylor Road,Cincinnati,45103,Animal welfare organization serving the Cincinnati area with adoption and rescue services.
677,Ohio,OH,Clermont Animal CARE Humane Society,Humane Society,info@clermontanimalcare.org,(513) 732-8854,https://clermontanimalcare.org,4025 Filager Road,Batavia,45103,Humane society serving Clermont County in the greater Cincinnati area.
678,Ohio,OH,Cleveland Animal Protective League,Rescue,info@clevelandapl.org,(216) 771-4616,https://clevelandapl.org,1729 Willey Avenue,Cleveland,44113,"Animal protective league serving Cleveland with separate services for admissions, adoptions, and spay-neuter."
679,Oklahoma,OK,Oklahoma Humane Society,Humane Society,info@okhumane.org,(405) 286-9900,https://okhumane.org,7500 N Western Avenue,Oklahoma City,73116,Founded 2007 to end needless euthanasia. Formal partnership with Oklahoma City Animal Shelter - majority of animals transferred from City shelter.
680,Oklahoma,OK,Humane Society of Tulsa,Humane Society,info@tulsapets.com,(918) 495-3647,https://www.tulsapets.com,6232 E 60th Street,Tulsa,74135,"Private nonprofit committed to responsible pet ownership and population control. Can respond to emergency and disaster situations with rescue, sheltering, and vet services."
681,Oklahoma,OK,Northern Oklahoma Humane Society,Humane Society,info@nokhs.com,(580) 765-9989,https://www.nokhs.com,1501 N 4th Street,Ponca City,74601,"Nonprofit shelter committed to dog and cat adoption, animal welfare promotion, and low-cost spay/neuter services. Reunites lost pets and finds homes for abandoned animals."
682,Oklahoma,OK,Safe Haven Animal Rescue,Rescue,info@safehavenanimalrescue.org,,https://www.safehavenanimalrescue.org,,Oklahoma City,73107,"Nonprofit dedicated to finding homes for homeless and abandoned animals in OKC metro. 100% volunteer, no agency funding, no-kill rescue."
683,Oklahoma,OK,Tulsa SPCA,Spca,info@tulsaspca.org,(918) 428-7722,https://tulsaspca.org,4875 E 68th Street,Tulsa,74136,"Aims to improve the lives of dogs and cats, as well as their human companions in the Tulsa area."
684,Oklahoma,OK,Pets & People Humane Society,Humane Society,info@petsandpeople.com,(405) 350-7387,https://petsandpeople.com,701 Fretz Drive,Yukon,73099,Humane society serving Yukon and the Oklahoma City metro west area.
685,Oklahoma,OK,Free To Live,Rescue,info@freetolive.org,(405) 330-0076,https://freetolive.org,,Edmond,73034,"Provides housing and medical care for homeless dogs and cats, adoption program, and education on responsible pet ownership."
686,Oklahoma,OK,Second Chance Animal Rescue,Rescue,info@secondchancenorman.com,(405) 310-3537,https://www.secondchancenorman.com,,Norman,73069,Animal rescue organization serving Norman and central Oklahoma area.
687,Oklahoma,OK,Oklahoma Pet Collective Society,Rescue,info@okpetcollective.org,,https://www.okpetcollective.org,,Oklahoma City,73102,Animal rescue collective serving the Oklahoma City metropolitan area.
688,Oklahoma,OK,Mutt Misfits Society,Rescue,info@muttmisfits.org,,https://muttmisfits.org,,Oklahoma City,73106,Dog rescue organization serving Oklahoma City and surrounding communities.
689,Oklahoma,OK,Rogers County Humane Society,Humane Society,info@rogerscountyhumanesociety.org,(918) 266-2111,https://rogerscountyhumanesociety.org,3600 N Highway 88,Claremore,74017,Humane society serving Rogers County in northeastern Oklahoma.
690,Oklahoma,OK,Okmulgee Humane Society,Humane Society,info@okmulgeehumane.org,(918) 756-6807,https://okmulgeehumane.org,,Okmulgee,74447,Humane society serving Okmulgee and surrounding eastern Oklahoma communities.
691,Oklahoma,OK,Sapulpa Furry Friends,Rescue,info@sapulpafurryfriends.org,,https://sapulpafurryfriends.org,,Sapulpa,74066,Animal rescue organization serving Sapulpa and Creek County in eastern Oklahoma.
692,Oklahoma,OK,Maltese Rescue of OKC,Rescue,info@malteserescueokc.org,(405) 919-2239,https://malteserescueokc.org,,Oklahoma City,73116,Breed-specific rescue for Maltese dogs in the Oklahoma City area.
693,Oklahoma,OK,Muskogee Animal Shelter,Animal Control,animalcontrol@muskogeeonline.org,(918) 684-6255,https://muskogeeonline.org/animal-shelter,501 Callahan Street,Muskogee,74401,Municipal animal shelter serving Muskogee and surrounding area in eastern Oklahoma.
694,Oregon,OR,Oregon Humane Society,Humane Society,info@oregonhumane.org,(503) 285-7722,https://www.oregonhumane.org,1067 NE Columbia Boulevard,Portland,97211,"Oregon-based nonprofit with Portland and Salem campuses. Finds homes for nearly 12,000 pets annually. Second Chance program brings 7,500 pets from partner shelters."
695,Oregon,OR,Oregon Humane Society Salem Campus,Humane Society,salem@oregonhumane.org,(503) 585-5900,https://www.oregonhumane.org,4246 Turner Road SE,Salem,97317,Salem campus of Oregon Humane Society. Open 10am-7pm daily for adoptions.
696,Oregon,OR,Greenhill Humane Society,Humane Society,info@green-hill.org,(541) 689-1503,https://www.green-hill.org,88530 Green Hill Road,Eugene,97402,Caring for animals in Lane County since 1944. Only life-saving animal shelter within the Eugene/Springfield area.
697,Oregon,OR,Oregon Dog Rescue,Rescue,info@oregondogrescue.org,(503) 639-6325,https://www.oregondogrescue.org,6515 SW 190th Avenue,Beaverton,97078,"No-kill shelter since 2007 serving greater Portland. 501(c)(3) nonprofit preparing close to 2,000 dogs annually for adoption. Supported by donations and adoption fees."
698,Oregon,OR,SafeHaven Humane Society,Humane Society,info@safehavenhumane.org,(541) 928-2789,https://safehavenhumane.org,32220 Old Highway 34,Tangent,97389,"Private nonprofit animal shelter serving the needs of over 2,500 pets each year."
699,Oregon,OR,Homeward Bound Pets Humane Society,Humane Society,info@hbpets.org,(503) 472-0341,https://hbpets.org,920 SW 3rd Street,McMinnville,97128,Oregon's FIRST no-kill shelter. Helping cats and dogs in McMinnville and Yamhill County for nearly 50 years.
700,Oregon,OR,The Pixie Project,Rescue,info@pixieproject.org,(503) 542-3433,https://www.pixieproject.org,510 NE MLK Jr Boulevard,Portland,97232,"Nonprofit animal adoption center and rescue offering pet adoption, owner education, and low cost spay/neuter and veterinary services."
701,Oregon,OR,Cat Adoption Team,Rescue,info@catadoptionteam.org,(503) 925-8903,https://catadoptionteam.org,14175 SW Galbreath Drive,Sherwood,97140,Cat rescue organization serving the Portland metro area.
702,Oregon,OR,Animal Aid,Rescue,info@animalaidpdx.org,(503) 292-6628,https://animalaidpdx.org,5335 SW 42nd Avenue,Portland,97221,Animal rescue organization serving Portland and surrounding communities.
703,Oregon,OR,Multnomah County Animal Services,Animal Control,mcas@multco.us,(503) 988-7387,https://multcopets.org,1700 West Historic Columbia River Highway,Troutdale,97060,County animal services serving Multnomah County and the greater Portland area.
704,Oregon,OR,Willamette Humane Society,Humane Society,info@whs4pets.org,(503) 585-5900,https://whs4pets.org,4246 Turner Road SE,Salem,97317,Humane society serving Salem and the Willamette Valley.
705,Oregon,OR,Indigo Rescue,Rescue,info@indigorescue.org,(503) 690-7206,https://indigorescue.org,,Beaverton,97007,Animal rescue organization serving Beaverton and the Portland metro west area.
706,Oregon,OR,Kitsap Humane Society,Humane Society,info@kitsap-humane.org,(541) 882-1119,https://kitsap-humane.org,,Klamath Falls,97601,Humane society serving Klamath Falls and southern Oregon.
707,Oregon,OR,Rogue Valley Humane Society,Humane Society,info@roguevalleyhumanesociety.org,(541) 474-5458,https://roguevalleyhumanesociety.org,429 SW Foundry Street,Grants Pass,97526,Humane society serving Grants Pass and the Rogue Valley in southern Oregon.
708,Oregon,OR,Heartland Humane Society,Humane Society,info@heartlandhumane.org,(541) 757-9000,https://heartlandhumane.org,398 SW Twin Oaks Circle,Corvallis,97333,Humane society serving Corvallis and Benton County.
709,Pennsylvania,PA,Pennsylvania SPCA,Spca,info@pspca.org,(215) 426-6300,https://www.pspca.org,350 East Erie Avenue,Philadelphia,19134,"For 150 years, rescuing animals from cruelty and neglect. Offers high-quality, low-cost veterinary care options."
710,Pennsylvania,PA,Humane Animal Rescue of Pittsburgh,Rescue,info@humaneanimalrescue.org,(412) 345-7300,https://humaneanimalrescue.org,6926 Hamilton Avenue,Pittsburgh,15208,"One of Pennsylvania's largest nonprofits. Two domestic animal shelters and Wildlife Rehabilitation Center. Helps more than 25,000 animals annually."
711,Pennsylvania,PA,Philadelphia Animal Welfare Society (PAWS),Rescue,info@phillypaws.org,(215) 298-9680,https://phillypaws.org,100 North 2nd Street,Philadelphia,19106,City's largest no-kill rescue partner and provider of low-cost spay/neuter. Working toward making Philadelphia a no-kill city.
712,Pennsylvania,PA,Morris Animal Refuge,Rescue,info@morrisanimalrefuge.org,(215) 735-3256,https://morrisanimalrefuge.org,1242 Lombard Street,Philadelphia,19147,"Founded 1874, pioneer in Animal Welfare. America's First animal refuge. Committed to adoption, education, and high-quality care."
713,Pennsylvania,PA,Animal Friends,Rescue,info@thinkingoutsidethecage.org,(412) 847-7000,https://thinkingoutsidethecage.org,562 Camp Horn Road,Pittsburgh,15237,"Serving Pittsburgh for more than 80 years since 1943. In 2024: rescued 1,429 animals, matched 1,361 pets with adoptive families."
714,Pennsylvania,PA,Animal Rescue League of Western PA,Rescue,info@animalrescue.com,(412) 661-6452,https://animalrescue.com,6620 Hamilton Avenue,Pittsburgh,15206,Animal rescue organization serving western Pennsylvania and the Pittsburgh area.
715,Pennsylvania,PA,Western PA Humane Society,Humane Society,info@wpahumane.org,(412) 321-4625,https://wpahumane.org,1101 Western Avenue,Pittsburgh,15233,Humane society serving Pittsburgh and western Pennsylvania.
716,Pennsylvania,PA,Philadelphia Animal Care and Control,Animal Control,info@acctphilly.org,(267) 385-3800,https://acctphilly.org,111 W Hunting Park Avenue,Philadelphia,19140,City animal care and control providing shelter services for Philadelphia.
717,Pennsylvania,PA,Humane Society of Harrisburg Area,Humane Society,info@humanesocietyhbg.org,(717) 564-3320,https://humanesocietyhbg.org,7790 Grayson Road,Harrisburg,17111,Humane society serving Harrisburg and the capital region.
718,Pennsylvania,PA,Humane Pennsylvania,Humane Society,info@humanepa.org,(610) 921-2348,https://humanepa.org,1801 N 11th Street,Reading,19604,Statewide animal welfare organization serving multiple Pennsylvania communities.
719,Pennsylvania,PA,Last Chance Ranch,Rescue,info@lastchanceranchpa.org,(215) 538-2510,https://lastchanceranchpa.org,9 Beck Road,Quakertown,18951,Animal rescue organization serving Bucks County and surrounding areas.
720,Pennsylvania,PA,City Kitties,Rescue,info@citykitties.org,(215) 342-0660,https://citykitties.org,,Philadelphia,19122,"Focuses on rescuing and rehoming cats, providing foster care, medical treatment, and outreach to manage feline overpopulation."
721,Pennsylvania,PA,Red Paw Emergency Relief Team,Nonprofit,info@redpaw.org,(215) 828-5855,https://redpaw.org,,Philadelphia,19123,Provides emergency services and support to pets and owners displaced by disasters.
722,Pennsylvania,PA,Brandywine Valley SPCA,Spca,info@bvspca.org,(610) 692-6113,https://bvspca.org,1212 Phoenixville Pike,West Chester,19380,SPCA serving the Brandywine Valley and Chester County area.
723,Pennsylvania,PA,Central PA Humane Society,Humane Society,info@centralpahumane.org,(814) 942-5402,https://centralpahumane.org,1837 East Pleasant Valley Boulevard,Altoona,16602,Humane society serving central Pennsylvania and the Altoona area.
724,Rhode Island,RI,Rhode Island SPCA,Spca,info@rispca.org,(401) 438-8150,https://www.rispca.org,186 Amaral Street,Riverside,02915,"Founded 1870, oldest humane animal welfare organization in Rhode Island and third oldest in the US. Private nonprofit receiving no local or federal funding."
725,Rhode Island,RI,Providence Animal Rescue League,Rescue,info@parl.org,(401) 421-1399,https://www.parl.org,34 Elbow Street,Providence,02903,"100+ year-old 501(c)(3) urban animal shelter. Receives no federal/state funding. Provides care, medical treatment, and adoption services to 2,000+ animals annually."
726,Rhode Island,RI,Animal Rescue Rhode Island,Rescue,info@animalrescueri.org,(401) 783-7606,https://www.animalrescueri.org,506B Curtis Corner Road,Wakefield,02879,Dedicated to rescuing companion animals in need and the humane welfare of homeless animals.
727,Rhode Island,RI,Robert Potter League for Animals,Shelter,info@potterleague.org,(401) 846-8276,https://potterleague.org,87 Oliphant Lane,Middletown,02842,One of Rhode Island's largest animal welfare organizations serving the Newport County area.
728,Rhode Island,RI,EGAPL Heart of Rhode Island,Rescue,info@heartofri.org,(401) 467-3670,https://heartofri.org,44 Worthington Road,Cranston,02920,Animal rescue serving the heart of Rhode Island with adoption and rescue services.
729,Rhode Island,RI,Friends of Providence Animal Care & Control Center,Nonprofit,info@friendsofpaccc.org,(401) 243-6040,https://www.friendsofpaccc.org,200 Terminal Road,Providence,02905,501(c)(3) nonprofit supporting Providence Animal Care & Control Center and fostering humane care of animals in the city.
730,Rhode Island,RI,Rhode Home Rescue,Rescue,info@rhodehomerescue.org,,https://www.rhodehomerescue.org,,Providence,02903,"100% volunteer run, 501(c)(3) foster-based dog rescue. Pulls dogs from high kill shelters, abuse and neglect situations, and owner surrenders."
731,Rhode Island,RI,City of Providence Animal Control,Animal Control,animalcontrol@providenceri.gov,(401) 243-6040,https://www.providenceri.gov/animal-control,200 Terminal Road,Providence,02905,"City animal control with 'low risk euthanasia' philosophy since 2015. Works to improve live release rate via adoptions, returns, and rescue transfers."
732,Rhode Island,RI,North Providence Animal Welfare Society,Rescue,info@npaws.org,,https://npaws.org,,North Providence,02911,100% volunteer nonprofit 501(c)(3) committed to advocating for shelter services while helping keep pets out of the shelter system.
733,Rhode Island,RI,Ten Lives Cat Rescue,Rescue,info@tenlivescatrescue.org,,https://tenlivescatrescue.org,,Providence,02909,501(c)(3) nonprofit dedicated to providing dignity to cats while reducing the homeless cat population.
734,Rhode Island,RI,Can Do Rescue Group,Rescue,info@candorescue.org,,https://candorescue.org,,Providence,02903,Animal welfare organization founded 2017 serving Rhode Island.
735,Rhode Island,RI,Barrington Services for Animals,Rescue,info@barringtonservicesforanimals.org,,https://barringtonservicesforanimals.org,,Barrington,02806,Animal welfare organization founded 2002 serving Barrington and surrounding communities.
736,Rhode Island,RI,New England Humane Society,Humane Society,info@nehumanesociety.org,,https://nehumanesociety.org,,Warwick,02886,Humane society serving Rhode Island and New England region.
737,Rhode Island,RI,Warwick Animal Shelter,Animal Control,animalshelter@warwickri.gov,(401) 468-4377,https://warwickri.gov/animal-shelter,101 Arthur W. Devine Boulevard,Warwick,02886,Municipal animal shelter serving Warwick and Kent County.
738,Rhode Island,RI,Woonsocket Animal Shelter,Animal Control,animalshelter@woonsocketri.org,(401) 766-3421,,200 Cumberland Street,Woonsocket,02895,Municipal animal shelter serving Woonsocket and northern Rhode Island.
739,South Carolina,SC,Charleston Animal Society,Shelter,info@charlestonanimalsociety.org,(843) 747-4849,https://charlestonanimalsociety.org,2455 Remount Road,North Charleston,29406,"South Carolina's #1 Charity since 1874. Open-admissions shelter serving Charleston County. Currently caring for 1,300+ animals. Responds to animals in crisis from disasters."
740,South Carolina,SC,Greenville Humane Society,Humane Society,info@greenvillehumane.com,(864) 242-3626,https://greenvillehumane.com,305 Airport Road,Greenville,29607,One of the largest no-kill facilities in the Southeast. Works with community to create environment where all animals are treated with compassion and respect.
741,South Carolina,SC,Humane Society of South Carolina,Humane Society,info@humanesc.org,(803) 783-1267,https://humanesc.org,121 Humane Lane,Columbia,29209,"501(c)(3) charitable organization. Mission to end animal cruelty, neglect, and overpopulation through low-cost spay/neuter and feral cat colony management."
742,South Carolina,SC,Pet Helpers,Shelter,info@pethelpers.org,(843) 795-1110,https://pethelpers.org,1447 Folly Road,Charleston,29412,"No-kill shelter saving 57,000+ lives from euthanasia through adoption and fostering. Provides low-cost spay/neuter and humane education."
743,South Carolina,SC,Hallie Hill Animal Sanctuary,Sanctuary,info@halliehill.com,(843) 889-3713,https://www.halliehill.com,5604 New Road,Hollywood,29449,"501(c)(3) sanctuary providing permanent home for abandoned, abused, or neglected animals. 30+ acres with large enclosures. Helps Charleston achieve no-kill status."
744,South Carolina,SC,Dorchester Paws,Shelter,info@dorchesterpaws.org,(843) 871-3820,https://dorchesterpaws.org,136 Four Paws Lane,Summerville,29483,Only open-admission shelter in Dorchester County. Part of No Kill South Carolina Coalition. Achieved 93% live release rate in 2021.
745,South Carolina,SC,Columbia Animal Services,Animal Control,animalservices@columbiasc.gov,(803) 776-7387,https://animalservices.columbiasc.gov,127 Humane Lane,Columbia,29209,Only open admission shelter serving all pets and individuals in true need of shelter intervention within Richland County.
746,South Carolina,SC,Humane Society of York County,Humane Society,info@hsyc.org,(803) 802-0902,https://hsyc.org,8177 Charlotte Highway,Fort Mill,29707,"Local nonprofit serving the greater Charlotte region including York, Lancaster, and Mecklenburg counties."
747,South Carolina,SC,LowCountry Animal Rescue,Rescue,info@lowcountryanimalrescue.org,,https://lowcountryanimalrescue.org,,Ladson,29456,Animal rescue organization serving the Lowcountry region of coastal South Carolina.
748,South Carolina,SC,Dusty Tails Animal Rescue,Rescue,info@dustytailsrescue.org,,https://dustytailsrescue.org,,North Charleston,29405,Animal rescue serving the Charleston area.
749,South Carolina,SC,Cindy Lou's Sanctuary,Sanctuary,info@cindyloussanctuary.org,,https://cindyloussanctuary.org,,Moncks Corner,29461,Animal sanctuary serving Berkeley County in the Charleston metro area.
750,South Carolina,SC,Spartanburg Humane Society,Humane Society,info@spartanburghumane.org,(864) 583-4805,https://spartanburghumane.org,150 Dexter Road,Spartanburg,29303,Humane society serving Spartanburg and the Upstate region of South Carolina.
751,South Carolina,SC,Anderson County PAWS,Shelter,info@andersoncountypaws.org,(864) 260-4147,https://andersoncountypaws.org,1320 SC Highway 28 Bypass,Anderson,29624,Animal shelter serving Anderson County in the Upstate region.
752,South Carolina,SC,Florence Area Humane Society,Humane Society,info@florencehumane.org,(843) 629-7387,https://florencehumane.org,2100 West Palmetto Street,Florence,29501,Humane society serving Florence and the Pee Dee region of South Carolina.
753,South Carolina,SC,Beaufort County Animal Shelter,Animal Control,animalservices@bcgov.net,(843) 255-5010,https://www.bcgov.net/departments/Community-Services/animal-services,255 Shelter Road,Beaufort,29902,County animal shelter serving Beaufort County and the Lowcountry region.
754,South Dakota,SD,Sioux Falls Area Humane Society,Humane Society,info@sfadopt.com,(605) 338-4441,https://www.sfadopt.com,3720 East Benson Road,Sioux Falls,57104,"Serving since 1919, largest animal shelter in eastern South Dakota. Open admission providing safe haven for 8,000+ animals annually. Provides animal control for Sioux Falls and 5 surrounding counties."
755,South Dakota,SD,Humane Society of the Black Hills,Humane Society,info@hsbh.org,(605) 394-4170,https://www.hsbh.org,1820 E St Patrick Street,Rapid City,57703,"Western South Dakota resource for animal adoptions, surrender, reclaim, and licensing. Open admission shelter managing about 4,000 animals annually."
756,South Dakota,SD,Battle Mountain Humane Society,Humane Society,info@battlemountainhumanesociety.org,(605) 745-5997,https://www.battlemountainhumanesociety.org,1370 University Avenue,Hot Springs,57747,"No-kill shelter in the Black Hills area. Rescues abused, homeless, or abandoned dogs and cats. Saves lives of over 500 pets annually."
757,South Dakota,SD,Siouxland Humane Society,Humane Society,info@siouxlandhumanesociety.org,(712) 252-2614,https://www.siouxlandhumanesociety.org,1015 Tri-View Avenue,Sioux City,51103,Siouxland's only open admission full service shelter. Caring for thousands of pets annually. Finds forever homes for 100% of adoptable pets.
758,South Dakota,SD,Heartland Humane Society,Humane Society,info@heartlandhumanesociety.net,(605) 996-4440,https://heartlandhumanesociety.net,515 E 1st Street,Mitchell,57301,Limited-admissions animal shelter committed to providing compassionate care and responsible placement for pets in need.
759,South Dakota,SD,Almost Home Canine Rescue,Rescue,info@almosthomecaninerescue.com,,https://almosthomecaninerescue.com,,Sioux Falls,57104,Dedicated to rescuing homeless animals in South Dakota. Team passionate about cat and dog rescue in Sioux Falls.
760,South Dakota,SD,Sioux Falls Canine Rescue,Rescue,info@sfcaninerescue.org,,https://www.sfcaninerescue.org,,Sioux Falls,57103,Canine rescue organization helping pets and owners in the Sioux Falls area.
761,South Dakota,SD,Aberdeen Area Humane Society,Humane Society,info@aberdeenhumane.org,(605) 226-1200,https://aberdeenhumane.org,2302 South Dakota Street,Aberdeen,57401,"Shelters, treats, and adopts out animals. Organizes community programs and operates as animal protection and welfare group."
762,South Dakota,SD,Brookings Regional Humane Society,Humane Society,info@brookingshumane.org,(605) 692-4361,https://brookingshumane.org,120 W 2nd Street South,Brookings,57006,"Shelters, protects, and fosters adoptions for dogs, cats, and small companion animals."
763,South Dakota,SD,Dakota Dachshund Rescue,Rescue,info@dakotadachshundrescue.com,,https://dakotadachshundrescue.com,,Sioux Falls,57101,Committed to rescuing Dachshunds and placing them in forever homes. Provides humane end-of-life care for rescued canines.
764,South Dakota,SD,Pierre Area Humane Society,Humane Society,info@pierreahs.org,(605) 224-9206,https://pierreahs.org,608 E Capitol Avenue,Pierre,57501,Humane society serving the state capital area and central South Dakota.
765,South Dakota,SD,Watertown Area Humane Society,Humane Society,info@watertownhumane.com,(605) 886-5814,https://watertownhumane.com,201 10th Street NE,Watertown,57201,Humane society serving Watertown and northeastern South Dakota.
766,South Dakota,SD,Yankton County Humane Society,Humane Society,info@yanktonhumanesociety.org,(605) 664-4244,https://yanktonhumanesociety.org,3400 Spruce Street,Yankton,57078,Humane society serving Yankton County and southeastern South Dakota.
767,South Dakota,SD,Pennington County Sheriff's Office Animal Control,Animal Control,animalcontrol@pennco.org,(605) 394-6113,https://www.pennco.org/animal-control,300 Kansas City Street,Rapid City,57701,County animal control serving Pennington County in the Black Hills area.
768,South Dakota,SD,Warhorse Liberation,Rescue,info@warhorseliberation.org,,https://warhorseliberation.org,,Rapid City,57701,Saves horses from slaughter and provides free equine-assisted therapy to veterans.
769,Tennessee,TN,Nashville Humane Association,Humane Society,info@nashvillehumane.org,(615) 352-1010,https://nashvillehumane.org,213 Oceola Avenue,Nashville,37209,"Since 1946, dedicated to aiding sick, homeless and at-risk shelter pets. Voted Nashville's Favorite Place to Adopt with 98% save rate."
770,Tennessee,TN,Humane Society of Memphis and Shelby County,Humane Society,info@memphishumane.org,(901) 937-3900,https://memphishumane.org,935 Farm Road,Memphis,38134,"Rescues and adopts animals, promotes humane treatment through education. Provides low-cost vaccines and affordable spay/neuter for Shelby County residents."
771,Tennessee,TN,Humane Society of the Tennessee Valley,Humane Society,info@humanesocietytennessee.org,(865) 573-9675,https://humanesocietytennessee.org,6717 Kingston Pike,Knoxville,37919,Committed to joining companion animals and people who love them. Supports 55 partner shelters and transfers animals from throughout the state.
772,Tennessee,TN,Young-Williams Animal Center,Shelter,info@young-williams.org,(865) 215-6599,https://young-williams.org,3201 Division Street,Knoxville,37919,"One of the largest animal welfare organizations in East Tennessee. Provides shelter, adoption, and community programs."
773,Tennessee,TN,SPCA of Tennessee,Spca,info@spcatn.org,(615) 371-9206,https://spcatn.org,220 Seaboard Lane,Brentwood,37027,501(c)(3) non-profit founded 20 years ago. Foster-based rescue run by volunteers helping all 96 Tennessee counties.
774,Tennessee,TN,Humane Educational Society,Humane Society,info@heschatt.org,(423) 624-5302,https://www.heschatt.org,212 North Highland Park Avenue,Chattanooga,37404,"Nonprofit providing adoption services, animal protection, cruelty investigation, and pet licenses for Hamilton County. Educates public on proper animal care."
775,Tennessee,TN,Metro Animal Care and Control,Animal Control,animalcare@nashville.gov,(615) 862-7928,https://www.nashville.gov/departments/health/animal-care-and-control,5125 Harding Place,Nashville,37211,Metro Nashville's official animal care and control facility providing shelter services and animal welfare programs.
776,Tennessee,TN,Memphis Animal Services,Animal Control,animalservices@memphistn.gov,(901) 636-1416,https://www.memphistn.gov/animal-services,2350 Appling City Cove,Memphis,38133,"City of Memphis animal services providing shelter, adoption, and animal control services."
777,Tennessee,TN,Sevier County Humane Society,Humane Society,info@sevierhumane.org,(865) 453-7000,https://sevierhumane.org,222 New Era Road,Sevierville,37862,"Inspires community compassion and respect for animals. Improves quality of life through education, spay/neuter, and adoption services."
778,Tennessee,TN,The Bridge Home No Kill Animal Rescue,Rescue,info@bridgehome.org,(423) 246-2699,https://bridgehome.org,1820 Fort Henry Drive,Kingsport,37664,No-kill animal rescue serving the Tri-Cities region of northeast Tennessee.
779,Tennessee,TN,Saving The Animals Together,Rescue,info@savingtheanimalstogether.org,,https://savingtheanimalstogether.org,,Jackson,38301,Foster-based rescue reducing animals killed in Madison County. Runs monthly pet food pantry for owners in financial crisis.
780,Tennessee,TN,Friends of Campbell County Animals,Nonprofit,info@fccanimals.org,(423) 566-7387,https://www.fccanimals.org,160 Old Middlesboro Highway,La Follette,37766,"Preserves animal life through humane sheltering, promoting adoptions, fostering rescue efforts, and affordable spay/neuter."
781,Tennessee,TN,Humphreys County Humane Society,Humane Society,info@hchswaverly.com,(931) 296-1882,https://hchswaverly.com,101 Old Highway 70,Waverly,37185,"Non-profit saving abandoned, abused, neglected, and lost animals in Humphreys County."
782,Tennessee,TN,Old Friends Senior Dog Sanctuary,Sanctuary,info@ofsds.org,(615) 754-1623,https://ofsds.org,3265 Coles Ferry Pike,Mount Juliet,37122,Sanctuary providing forever home for senior dogs whose owners can no longer care for them or who have outlived their owners.
783,Tennessee,TN,Big Fluffy Dog Rescue,Rescue,info@bigfluffydogs.com,,https://bigfluffydogs.com,,Nashville,37217,"Rescues, rehabilitates, and finds homes for giant breed dogs and mixes facing euthanasia."
784,Texas,TX,SPCA of Texas,Spca,info@spca.org,(214) 742-7722,https://spca.org,2400 Lone Star Drive,Dallas,75212,"Leading animal welfare agency in North Texas. Animal Cruelty Investigations Unit helped more than 1,400 animals last year."
785,Texas,TX,Houston SPCA,Spca,info@houstonspca.org,(713) 869-7722,https://houstonspca.org,7007 Old Katy Road,Houston,77024,Houston's first and largest animal protection agency in the Gulf Coast region. Celebrating 100 years of compassion and dedication.
786,Texas,TX,Houston Humane Society,Humane Society,info@houstonhumane.org,(713) 433-6421,https://www.houstonhumane.org,14700 Almeda Road,Houston,77053,"Animal Wellness Clinic provides affordable veterinary services to pet owners in greater Brazoria, Ft. Bend, Harris, and surrounding counties."
787,Texas,TX,San Antonio Humane Society,Humane Society,info@sahumane.org,(210) 226-7461,https://sahumane.org,4804 Fredericksburg Road,San Antonio,78229,"Protects and improves the lives of dogs and cats by providing shelter, care, adoption, rescue, and spay/neuter programs."
788,Texas,TX,Austin Pets Alive!,Rescue,info@austinpetsalive.org,(512) 961-6519,https://www.austinpetsalive.org,1156 W Cesar Chavez Street,Austin,78703,Programs and work of local animal welfare organizations helped Austin save more than 90% of animals since 2011.
789,Texas,TX,Operation Kindness,Shelter,info@operationkindness.org,(972) 418-7297,https://www.operationkindness.org,3201 Earhart Drive,Carrollton,75006,"Lifesaving, no-kill animal shelter and pioneer in Texas for assisting animals."
790,Texas,TX,Texas Humane Heroes,Rescue,info@humaneheroes.org,(512) 260-3602,https://humaneheroes.org,10930 East Crystal Falls Parkway,Leander,78641,"In 2024, found homes for over 1,700 pets from across Texas. Rescues dogs and cats from overcrowded shelters."
791,Texas,TX,Humane Society of North Texas,Humane Society,info@hsnt.org,(817) 332-4768,https://www.hsnt.org,1840 East Lancaster Avenue,Fort Worth,76103,Animal shelter serving the Fort Worth and North Texas area.
792,Texas,TX,Humane Society of El Paso,Humane Society,info@hselpaso.org,(915) 532-6971,https://hselpaso.org,325 Shelter Place,El Paso,79905,Humane society serving El Paso and surrounding communities in West Texas.
793,Texas,TX,Gulf Coast Humane Society,Humane Society,info@gulfcoasthumane.org,(361) 225-0845,https://gulfcoasthumane.org,3118 Cabaniss Parkway,Corpus Christi,78415,Humane society serving the Corpus Christi and Gulf Coast region.
794,Texas,TX,Amarillo SPCA,Spca,info@amarillospcashelter.com,(806) 353-4770,https://www.amarillospcashelter.com,11901 South Coulter Street,Amarillo,79119,Non-profit no-kill animal shelter serving the community since 1988. Currently caring for about 100 dogs and 40 cats.
795,Texas,TX,Central Texas SPCA,Spca,info@centraltexasspca.org,(512) 260-7722,https://www.centraltexasspca.org,909 South Bagdad Road,Leander,78641,Small non-profit adoption center that rescues dogs and cats at risk of euthanasia from high-kill shelters.
796,Texas,TX,DFW Humane Society,Humane Society,info@dfwhumane.com,(972) 721-7788,https://dfwhumane.com,4140 Valley View Lane,Irving,75038,Humane society serving the Dallas-Fort Worth metroplex.
797,Texas,TX,Rescued Pets Movement,Rescue,info@rescuedpetsmovement.org,(713) 533-4070,https://rescuedpetsmovement.org,5707 Louetta Road,Spring,77379,"Saves homeless pets from shelters, rehabilitates them, and transports them to loving forever homes across the US and Canada."
798,Texas,TX,Austin Animal Center,Animal Control,animalservices@austintexas.gov,(512) 978-0500,https://www.austintexas.gov/austin-animal-center,7201 Levander Loop,Austin,78702,City of Austin's animal services providing comprehensive humane services and innovative feral cat program.
799,Utah,UT,Humane Society of Utah,Humane Society,info@utahhumane.org,(801) 261-2919,https://www.utahhumane.org,4242 South 300 West,Murray,84107,"Animal shelter/clinic offering affordable spays/neuters and vaccinations, pet adoptions and rehoming, and training."
800,Utah,UT,Best Friends Animal Society - Salt Lake City,Rescue,info@bestfriends.org,(801) 574-2454,https://bestfriends.org/salt-lake-city,2005 South 1100 East,Salt Lake City,84106,"Leading No-Kill Utah initiative. Foster-based pet adoption center taking in over 2,500 animals yearly including neonatal kittens, dogs and cats."
801,Utah,UT,Salt Lake County Animal Services,Animal Control,animalservices@slco.org,(385) 468-7387,https://www.saltlakecounty.gov/animal-services,511 West 3900 South,Salt Lake City,84123,"Premier animal service agency in Utah serving Bluffdale, Holladay, Midvale, Millcreek, Murray, Salt Lake City and surrounding metro townships."
802,Utah,UT,Humane Society of Northern Utah,Humane Society,info@humanesocietyofnorthernutah.com,(801) 393-2367,https://www.humanesocietyofnorthernutah.com,2065 West 4600 South,Roy,84067,"501(c)(3) nonprofit established in 2008. Provides emergency medical, pet adoptions, and pet education. Partners with South Ogden Animal Shelter."
803,Utah,UT,Weber County Animal Shelter,Animal Control,animalservices@co.weber.ut.us,(801) 399-8244,https://www.webercountyutah.gov/Animal_Shelter,1373 North 750 West,Ogden,84404,"Working to become a No-Kill Community, valuing each individual animal's life and providing compassion and care."
804,Utah,UT,South Utah Valley Animal Shelter,Shelter,info@suvas.org,(801) 465-5220,https://www.suvas.org,1305 West Spring Lake Road,Payson,84651,"Serves animals and residents of southern Utah County including Elk Ridge, Mapleton, Payson, Provo, Salem, Santaquin, Spanish Fork, Springville, and Woodland Hills."
805,Utah,UT,Cache Humane Society,Humane Society,info@cachehumane.org,(435) 753-6270,https://cachehumane.org,2370 West 200 North,Logan,84321,"Local no-kill, nonprofit animal shelter offering affordable spays, neuters, and vaccinations."
806,Utah,UT,Paws For Life Utah,Rescue,info@pflu.org,(435) 654-4500,https://pflu.org,1544 South Highway 40,Heber City,84032,"Rescues over 1,500 shelter pets yearly. Finds loving homes for every adoptable pet that enters their program."
807,Utah,UT,PAWS - Providing Animals With Support,Rescue,info@stgeorgepaws.org,(435) 688-9748,https://stgeorgepaws.org,1125 West Sunset Boulevard,St. George,84770,"501(c)(3) nonprofit, no-kill animal rescue since 2002. Has rescued over 25,000 cats and dogs."
808,Utah,UT,St. George Animal Shelter,Animal Control,animalservices@sgcity.org,(435) 627-4350,https://sgcityutah.gov/departments/police_department/divisions/administrative_services_division/animal_services.php,605 Waterworks Drive,St. George,84770,City-owned animal shelter playing pivotal role in making Utah the first no-kill state in the West.
809,Utah,UT,Nuzzles & Co,Rescue,info@nuzzlesandco.org,(435) 649-4808,https://nuzzlesandco.org,1000 Snow Creek Drive,Park City,84060,Animal rescue organization serving Park City and Summit County area.
810,Utah,UT,Underdog Animal Rescue and Rehab,Rescue,info@underdogsalc.com,(801) 893-7644,https://underdogsalc.com,,Salt Lake City,84115,Animal rescue and rehabilitation organization serving the Salt Lake City area.
811,Utah,UT,Utah Animal Adoption Center,Shelter,info@utahpets.org,(801) 803-0200,https://utahpets.org,765 South Main Street,Salt Lake City,84111,Animal adoption center serving the Salt Lake City metropolitan area.
812,Utah,UT,Cache County Animal Services,Animal Control,animalservices@cachecounty.gov,(435) 755-1432,https://www.cachecounty.gov/sheriffs-office/animalservice,1225 West Valley View Highway,Logan,84321,"Provides and promotes the most caring and humane treatment for animals, striving to be at the forefront of resources for stray and abandoned animals."
813,Utah,UT,Utah County Animal Shelter,Animal Control,animalservices@utahcounty.gov,(801) 851-4080,https://www.utahcounty.gov/Dept/AnimalServ,2630 West Geneva Road,Provo,84601,County animal shelter serving Utah County and the Provo area.
814,Virginia,VA,Richmond SPCA,Spca,info@richmondspca.org,(804) 643-6785,https://richmondspca.org,2519 Hermitage Road,Richmond,23220,"Founded in 1891, no-kill humane organization. Rescues, treats, rehabilitates and adopts about 4,000 homeless animals yearly. Maintains transport partnerships with over 60 groups."
815,Virginia,VA,Virginia Beach SPCA,Spca,info@vbspca.com,(757) 427-0070,https://vbspca.com,3040 Holland Road,Virginia Beach,23453,"Partner in animal welfare in Hampton Roads since 1966. Serves over 11,000 clients annually for veterinary care. Provides shelter to approximately 3,000 homeless animals yearly."
816,Virginia,VA,Norfolk SPCA,Spca,info@norfolkspca.com,(757) 622-3319,https://norfolkspca.com,916 Ballentine Boulevard,Norfolk,23504,"One of the nation's oldest animal welfare organizations serving Hampton Roads. Rescues, rehabilitates, and rehomes pets. Operates veterinary clinic."
817,Virginia,VA,Animal Welfare League of Arlington,Rescue,info@awla.org,(703) 931-9241,https://www.awla.org,2650 South Arlington Mill Drive,Arlington,22206,"Founded in 1944, provides animal adoption and community programs to Northern Virginia and D.C. metropolitan area. Provides animal rescue and control services."
818,Virginia,VA,Humane Society of Fairfax County,Humane Society,info@hsfc.org,(703) 385-7387,https://hsfc.org,4057 Chain Bridge Road,Fairfax,22030,"Since 1965, helping rescue and protect animals from abuse, neglect, abandonment, and cruelty. Fosters humane treatment through education and adoptions."
819,Virginia,VA,Fairfax County Animal Shelter,Animal Control,animalservices@fairfaxcounty.gov,(703) 830-1100,https://www.fairfaxcounty.gov/animalservices,4500 West Ox Road,Fairfax,22030,Fairfax County's official animal services organization.
820,Virginia,VA,SPCA of Northern Virginia,Spca,info@spcanova.org,(703) 799-9390,https://spcanova.org,,Alexandria,22302,"Volunteer-run, non-profit organization that rescues and finds homes for hundreds of cats and dogs each year."
821,Virginia,VA,Chesapeake Humane Society,Humane Society,info@chesapeakehumane.org,(757) 546-5355,https://chesapeakehumane.org,312 Battlefield Boulevard North,Chesapeake,23320,Humane society serving Chesapeake and the Hampton Roads area.
822,Virginia,VA,Roanoke Valley SPCA,Spca,info@rvspca.org,(540) 339-9247,https://rvspca.org,1340 Baldwin Avenue NE,Roanoke,24012,"Community resource for pet adoption, retention, and education in Virginia's Blue Ridge. Since 1916, nonprofit since 1958."
823,Virginia,VA,Charlottesville-Albemarle SPCA,Spca,info@caspca.org,(434) 973-5959,https://caspca.org,5533 Berkmar Drive,Charlottesville,22901,Offers Fido Field Trips program and features free-roaming cat rooms. Serves Charlottesville and Albemarle County.
824,Virginia,VA,Richmond Animal League,Rescue,info@ral.org,(804) 353-7287,https://ral.org,11401 International Drive,Richmond,23236,"Area's oldest non-profit no-kill organization founded in 1979. Provides care to over 1,700 companion animals yearly."
825,Virginia,VA,Humane Society of Northern Virginia,Humane Society,info@humanesocietynv.org,(571) 364-6610,https://www.humanesocietynv.org,4078 Prince William Parkway,Woodbridge,22192,"Powered by Advocates for Abused and Abandoned Pets (A3P), 501(c)(3) charitable animal rescue organization."
826,Virginia,VA,Virginia Beach Animal Care and Adoption Center,Animal Control,animalcontrol@vbgov.com,(757) 385-4444,https://vbacac.com,341 South Birdneck Road,Virginia Beach,23451,Organization devoted to helping pets and owners of Virginia Beach.
827,Virginia,VA,Henrico Humane Society,Humane Society,info@henricohumane.org,(804) 515-6537,https://henricohumane.org,,Henrico,23233,"All-volunteer, foster-based, non-profit organization rescuing dogs and cats across Central Virginia."
828,Virginia,VA,Lucky Dog Animal Rescue,Rescue,info@luckydoganimalrescue.org,,https://luckydoganimalrescue.org,,Arlington,22203,Nonprofit organization that provides Community Awareness and Rescue Events (CARE) in Northern Virginia.
829,Vermont,VT,Humane Society of Chittenden County,Humane Society,info@hsccvt.org,(802) 862-0135,https://www.hsccvt.org,142 Kindness Court,South Burlington,05403,Humane society serving Chittenden County and the Burlington area.
830,Vermont,VT,Central Vermont Humane Society,Humane Society,info@centralvermonthumane.org,(802) 476-3811,https://centralvermonthumane.org,1589 VT Route 14S,East Montpelier,05651,"Saving lives for over 50 years. Serves Washington and Orange counties, rescuing over 1,000 dogs, cats and small furry pets yearly."
831,Vermont,VT,Rutland County Humane Society,Humane Society,info@rchsvt.org,(802) 483-6700,https://rchsvt.org,765 Stevens Road,Pittsford,05763,Dedicated to advocating for and working towards a responsible and humane community. Provides shelter and adoption opportunities.
832,Vermont,VT,Windham County Humane Society,Humane Society,info@windhamcountyhumane.org,(802) 254-2232,https://www.windhamcountyhumane.org,916 West River Road,Brattleboro,05301,Humane society serving Windham County and southeastern Vermont.
833,Vermont,VT,Upper Valley Humane Society,Humane Society,info@uvhs.org,(603) 448-6888,https://uvhs.org,300 Old Route 10,Enfield,03748,"Envisions a community in which all pets are loved. Provides compassionate, innovative animal shelter and companion animal resource center."
834,Vermont,VT,Franklin County Animal Rescue,Rescue,info@franklincountyanimalrescue.org,(802) 524-9650,https://www.franklincountyanimalrescue.org,30 Sunset Meadow,St. Albans,05478,Animal rescue serving Franklin County and northwestern Vermont.
835,Vermont,VT,North Country Animal League,Rescue,info@ncal.com,(802) 888-5065,https://ncal.com,16 Mountain View Meadow Road,Morrisville,05661,Animal rescue organization serving Lamoille County and northern Vermont.
836,Vermont,VT,Pope Memorial Frontier Animal Shelter,Shelter,info@frontieranimalsociety.com,(802) 754-2228,https://www.frontieranimalsociety.com,502 Loving Memorial Road,Orleans,05860,"Enhances well-being of animals in Orleans and Essex Counties. Provides compassionate shelter, promotes spaying/neutering, finds loving homes."
837,Vermont,VT,Kingdom Animal Shelter,Shelter,info@kingdomanimalshelter.com,(802) 748-2178,https://kingdomanimalshelter.com,1664 Memorial Drive,St. Johnsbury,05819,Animal shelter serving the Northeast Kingdom region of Vermont.
838,Vermont,VT,Lucy Mackenzie Humane Society,Humane Society,info@lucymac.org,(802) 484-5829,https://lucymac.org,4832 Route 44,West Windsor,05089,Humane society serving Windsor County and central Vermont.
839,Vermont,VT,Springfield Humane Society,Humane Society,info@springfieldhumane.org,(802) 885-3997,https://springfieldhumane.org,401 Skitchewaug Trail,Springfield,05156,Humane society serving Springfield and southeastern Vermont.
840,Vermont,VT,Green Mountain Animal Defenders,Nonprofit,info@gmad.org,(802) 861-3030,https://gmad.org,PO Box 4577,Burlington,05406,Non-sheltered animal welfare organization serving Vermont.
841,Vermont,VT,Good Karma Rescue,Rescue,info@goodkarmarescue.org,(802) 595-5110,https://goodkarmarescue.org,,Montpelier,05602,Animal rescue organization serving central Vermont.
842,Vermont,VT,P.E.T.S. of the Kingdom,Rescue,info@petsofthekingdom.org,(802) 334-8181,https://petsofthekingdom.org,,Derby,05829,Pet rescue organization serving the Northeast Kingdom region.
843,Vermont,VT,Riverside Rescue,Rescue,info@riversiderescuevt.org,,https://riversiderescuevt.org,,Lunenburg,05906,Animal rescue organization serving northeastern Vermont.
844,Washington,WA,Seattle Humane,Humane Society,info@seattlehumane.org,(425) 641-0080,https://www.seattlehumane.org,13212 SE Eastgate Way,Bellevue,98005,"Founded in 1897. Served over 113,000 pets in fiscal year 2024. Open-door shelter with no time limits. Offers pet food bank, low-cost spay/neuter, and humane education."
845,Washington,WA,Humane Society for Tacoma & Pierce County,Humane Society,info@thehumanesociety.org,(253) 383-2733,https://www.thehumanesociety.org,2608 Center Street,Tacoma,98409,"Serving Tacoma and Pierce County with animal rescue, shelter, and adoption services."
846,Washington,WA,Spokane Humane Society,Humane Society,info@spokanehumanesociety.org,(509) 467-5235,https://spokanehumanesociety.org,6607 North Havana Street,Spokane,99217,"Shelters, cares for, and advocates for companion animals in greater Spokane since 1897. Operates low-income veterinary clinic."
847,Washington,WA,PAWS,Rescue,info@paws.org,(425) 787-2500,https://www.paws.org,15305 44th Avenue West,Lynnwood,98087,"People helping cats, dogs and wild animals go home and thrive. Operates new PAWS Wildlife Center in southwest Snohomish County."
848,Washington,WA,Auburn Valley Humane Society,Humane Society,info@auburnvalleyhs.org,(253) 249-7849,https://www.auburnvalleyhs.org,4910 A Street SE,Auburn,98092,"Local, independent 501(c)(3) non-profit enriching lives of companion animals and people through animal sheltering, programs and community engagement."
849,Washington,WA,Pasado's Safe Haven,Sanctuary,info@pasadosafehaven.org,(360) 793-9393,https://www.pasadosafehaven.org,32040 NE 55th Street,Carnation,98014,"Rescues, shelters, and rehomes animals who suffered abuse and neglect. GFAS-accredited sanctuary in the foothills of the Cascade Mountains."
850,Washington,WA,Homeward Pet Adoption Center,Shelter,info@homewardpet.org,(425) 488-4444,https://homewardpet.org,13132 NE 177th Place,Woodinville,98072,"No-kill, non-profit animal shelter serving greater Seattle area. Gives homeless animals a second chance through rescue, shelter, and adoption."
851,Washington,WA,Kitsap Humane Society,Humane Society,info@kitsap-humane.org,(360) 692-6977,https://kitsap-humane.org,9167 Dickey Road NW,Silverdale,98383,"Animal welfare organization providing shelter, rehabilitation, and adoption services to animals in Kitsap County."
852,Washington,WA,Humane Society for Southwest Washington,Humane Society,info@southwesthumane.org,(360) 693-4746,https://southwesthumane.org,1100 NE 192nd Avenue,Vancouver,98684,Caring for animals in the community since 1897.
853,Washington,WA,Purrfect Pals,Rescue,info@purrfectpals.org,(360) 652-9611,https://purrfectpals.org,230 McRae Road NE,Arlington,98223,"Works to end cat homelessness in Puget Sound region through placement, prevention, and low-income resources for special needs cats."
854,Washington,WA,Old Dog Haven,Rescue,info@olddoghaven.org,(206) 383-9276,https://olddoghaven.org,"PMB A4, 621 SR9 NE",Lake Stevens,98258,Group of private homes caring for senior dogs all over western Washington.
855,Washington,WA,Spokanimal Care,Rescue,info@spokanimal.org,(509) 534-8133,https://spokanimal.org,710 North Napa Street,Spokane,99202,"Advocates for animal rights through veterinary care, education, and legislation. Offers transport programs and low-cost sterilization services."
856,Washington,WA,Seattle Animal Shelter,Animal Control,animalshelter@seattle.gov,(206) 386-7387,https://www.seattle.gov/animal-shelter,2061 15th Avenue West,Seattle,98119,City of Seattle's official animal shelter providing animal services and adoptions.
857,Washington,WA,Regional Animal Services of King County,Animal Control,raskc.customer.service@kingcounty.gov,(206) 296-7387,https://kingcounty.gov/en/legacy/depts/regional-animal-services,21615 64th Avenue South,Kent,98032,Regional animal services for King County providing sheltering and adoption services.
858,Washington,WA,Wenatchee Valley Humane Society,Humane Society,info@wenatcheehumane.org,(509) 662-9577,https://wenatcheehumane.org,1474 South Wenatchee Avenue,Wenatchee,98801,Humane society serving Wenatchee Valley and central Washington.
859,Wisconsin,WI,Wisconsin Humane Society,Humane Society,info@wihumane.org,(414) 264-6257,https://www.wihumane.org,4500 West Wisconsin Avenue,Milwaukee,53208,"Founded in 1879, largest shelter in Wisconsin. Operates campuses in 6 counties. Serves 40,000+ animals annually and matches 13,000+ with new families yearly. No-kill policy."
860,Wisconsin,WI,Dane County Humane Society,Humane Society,info@giveshelter.org,(608) 838-0413,https://www.giveshelter.org,5132 Voges Road,Madison,53718,"Provides refuge, healing and new beginnings to over 9,000 companion animals, exotic species, farm animals and injured wildlife."
861,Wisconsin,WI,HAWS - Humane Animal Welfare Society,Humane Society,info@hawspets.org,(262) 542-8851,https://hawspets.org,701 Northview Road,Waukesha,53188,Celebrating 60th Anniversary since 1965. Leads community in animal welfare and assures sanctuary for animals in need in Waukesha County.
862,Wisconsin,WI,Humane Society of Southern Wisconsin,Humane Society,info@petsgohome.org,(608) 752-5622,https://www.petsgohome.org,222 South Arch Street,Janesville,53548,Private nonprofit 501(c)(3). Provides shelter and humane care to lost and homeless pets. Offers low-cost spay/neuter and vaccine/wellness services.
863,Wisconsin,WI,Wisconsin Humane Society - Green Bay,Humane Society,greenbay@wihumane.org,(920) 469-3110,https://www.wihumane.org/green-bay,1830 Radisson Street,Green Bay,54302,Wisconsin Humane Society campus serving Brown County and the Green Bay area.
864,Wisconsin,WI,Coulee Region Humane Society,Humane Society,info@couleehumane.com,(608) 781-4014,https://couleehumane.com,911 Critter Court,Onalaska,54650,Humane society serving the La Crosse and Coulee Region area.
865,Wisconsin,WI,Sheboygan County Humane Society,Humane Society,info@myschs.com,(920) 458-2012,https://myschs.com,3107 North 20th Street,Sheboygan,53083,Humane society serving Sheboygan County in eastern Wisconsin.
866,Wisconsin,WI,Northwoods Humane Society,Humane Society,info@northwoodshumanesociety.org,(715) 356-3796,https://northwoodshumanesociety.org,10564 Highway 70 West,Minocqua,54548,Northern Wisconsin's premier animal shelter.
867,Wisconsin,WI,Fox Valley Humane Association,Humane Society,info@foxvalleypets.org,(920) 733-1717,https://foxvalleypets.org,2381 South Oneida Street,Appleton,54915,Humane society serving the Fox Valley and Appleton area.
868,Wisconsin,WI,Lakeland Animal Shelter,Shelter,info@lakelandanimalshelter.org,(262) 723-1000,https://lakelandanimalshelter.org,W3731 Highway NN,Elkhorn,53121,Animal shelter serving Walworth County and surrounding areas.
869,Wisconsin,WI,Washington County Humane Society,Humane Society,info@wchspets.org,(262) 677-4388,https://wchspets.org,3650 Highway 60,Slinger,53086,Humane society serving Washington County in southeastern Wisconsin.
870,Wisconsin,WI,Last Paw Rescue,Rescue,info@lastpawrescue.org,,https://lastpawrescue.org,,Madison,53711,"All-volunteer, non-profit organization dedicated to rescue, rehabilitation and rehoming of displaced dogs."
871,Wisconsin,WI,Crossroads K9 Rescue,Rescue,info@crossroadsk9rescue.org,,https://crossroadsk9rescue.org,,Madison,53703,"Volunteer driven non-profit dedicated to rescuing dogs left homeless, abandoned, or at high risk of euthanasia."
872,Wisconsin,WI,Door County Humane Society,Humane Society,info@doorcountyhumanesociety.org,(920) 746-1771,https://doorcountyhumanesociety.org,3475 Park Drive,Sturgeon Bay,54235,Humane society serving Door County on the Door Peninsula.
873,Wisconsin,WI,Kenosha Humane Society,Humane Society,info@wihumane.org,(262) 694-4047,https://www.wihumane.org/kenosha,7811 60th Avenue,Kenosha,53142,Wisconsin Humane Society campus serving Kenosha County in southeastern Wisconsin.
874,West Virginia,WV,Kanawha Charleston Humane Association,Humane Society,info@adoptcharleston.com,(304) 342-1576,https://adoptcharleston.com,1248 Greenbrier Street,Charleston,25311,"Committed to saving lives through sheltering, adoption, foster care, spay/neuter programs, cruelty prevention, and community outreach."
875,West Virginia,WV,Humane Society of Parkersburg,Humane Society,info@hsop.org,(304) 422-5541,https://www.hsop.org,530 29th Street,Parkersburg,26101,"Advocate for all animals, striving to foster humane treatment and prevent cruelty and abuse."
876,West Virginia,WV,Humane Society of Raleigh County,Humane Society,info@hsrcwv.org,(304) 253-8921,https://hsrcwv.org,104 Gray Flats Road,Beckley,25801,No-kill facility serving Raleigh County and southern West Virginia.
877,West Virginia,WV,Ohio Valley SPCA,Spca,info@ohiovalleyspca.org,(304) 233-9822,https://ohiovalleyspca.weebly.com,90 Kruger Street,Wheeling,26003,501(c)(3) organization serving Ohio County and surrounding areas. Emphasizes kinship of all life and rights of all animal species.
878,West Virginia,WV,Little Victories Animal Shelter,Shelter,info@littlevictories.org,(304) 727-7387,https://littlevictories.org,2 Little Victories Lane,Ona,25545,"Strives to reduce animal suffering by providing sanctuary and rehabilitation to homeless, injured, and abused animals."
879,West Virginia,WV,Humane Society of Morgan County,Humane Society,info@hsmc-wv.org,(304) 258-5592,https://hsmc-wv.org,1230 Pious Ridge Road,Berkeley Springs,25411,"Volunteer-run, no-kill shelter that receives zero government funding."
880,West Virginia,WV,Humane Society of Harrison County,Humane Society,info@hshcwv.org,(304) 592-1600,https://www.hshcwv.org,2450 Saltwell Road,Shinnston,26431,Humane society serving Harrison County and north central West Virginia.
881,West Virginia,WV,Animal Friends of Barbour County,Rescue,info@afobcwv.org,(304) 823-2992,https://www.afobcwv.org,21 Possum Lane,Belington,26250,No Kill Verified organization serving Barbour County.
882,West Virginia,WV,Greenbrier Humane Society,Humane Society,info@greenbrierhumanesociety.com,(304) 645-4775,https://greenbrierhumanesociety.com,151 Hollowell Lane,Lewisburg,24901,"Primary mission to protect animals from neglect, abuse and exploitation. Inspires awareness and compassion for all living things."
883,West Virginia,WV,Ritchie County Humane Society,Humane Society,info@ritchiehumanesociety.org,(304) 643-2080,https://www.ritchiehumanesociety.org,115 Jeptha Lane,Harrisville,26362,Provides transportation to spay/neuter clinic and regular vaccine clinics. Offers services to animals in need in the community.
884,West Virginia,WV,Animal Friends WV,Rescue,info@animalfriendswv.org,(304) 598-2800,https://www.animalfriendswv.org,15 White Oak Lane,Morgantown,26505,Animal rescue organization serving the Morgantown area.
885,West Virginia,WV,Southern WV Animal League,Rescue,info@southernwvanimalleague.org,,https://southernwvanimalleague.org,,Princeton,24740,Animal welfare organization founded in 2013 serving southern West Virginia.
886,West Virginia,WV,Marshall County Animal Shelter,Shelter,info@mcwvanimalshelter.com,(304) 843-1288,https://www.mcwvanimalshelter.com,905 Bethany Pike,Wheeling,26003,Local humane society offering pet adoptions and supporting homeless animals in Marshall County.
887,West Virginia,WV,Braxton County Humane Society,Humane Society,info@braxtonhumane.org,(304) 765-2287,https://braxtonhumane.org,,Sutton,26601,Humane society founded in 2014 serving Braxton County in central West Virginia.
888,West Virginia,WV,WWVARA - Huntington Area,Nonprofit,info@wwvara.org,,https://wwvara.org,,Huntington,25701,Provides financial support for Huntington Cabell Wayne Animal Control Shelter. Promotes spaying/neutering and humane animal treatment.
889,Wyoming,WY,Cheyenne Animal Shelter,Shelter,info@cheyenneanimalshelter.org,(307) 632-6655,https://cheyenneanimalshelter.org,800 Southwest Drive,Cheyenne,82007,Founded over 50 years ago. Largest community-centered animal shelter in Wyoming serving Cheyenne and Laramie County. For half a century ensuring homeless pets have safe place.
890,Wyoming,WY,Casper Humane Society,Humane Society,info@casperhumanesociety.org,(307) 265-8609,https://casperhumanesociety.org,851 East E Street,Casper,82601,"No-kill animal shelter providing shelter, medical care and quality homes. Mission to find forever homes, encourage neutering, prevent cruelty, and provide humane education."
891,Wyoming,WY,Animal Adoption Center,Rescue,info@animaladoptioncenter.org,(307) 734-5959,https://animaladoptioncenter.org,1020 Maple Way,Jackson,83001,"501(c)(3) nonprofit supporting rescue and adoption programs, educational initiatives, and spay/neuter programs in Jackson Hole."
892,Wyoming,WY,Jackson-Teton County Animal Shelter,Animal Control,animalcontrol@jacksonwy.gov,(307) 733-3802,https://www.jacksonwy.gov/150/Animal-Shelter,860 West Kelly Avenue,Jackson,83001,Unit under Jackson Police Department. Annually 200 dogs pass through with 75% reclaimed. Nearly 90% of 110+ cats find new homes.
893,Wyoming,WY,Black Dog Animal Rescue,Rescue,info@blackdoganimalrescue.org,(307) 514-4024,https://blackdoganimalrescue.org,2407 East 9th Street,Cheyenne,82001,"No-kill verified shelter welcoming dogs of all colors, ages, sizes, breeds, and cats too."
894,Wyoming,WY,Laramie Animal Welfare Society,Rescue,contact@laramieanimals.org,(307) 745-4586,https://www.laramie-animals.org,PO Box 514,Laramie,82073,"Provides foster training, oversees feral cat colonies through TNR programs. Ensures cats receive spaying/neutering and vaccinations."
895,Wyoming,WY,Sheridan Dog & Cat Shelter,Shelter,dogncat2019@gmail.com,(307) 674-7694,https://www.dogandcatshelter.org,84 East Ridge Road,Sheridan,82801,Animal shelter serving Sheridan and northern Wyoming.
896,Wyoming,WY,Western Fremont County Humane Society,Humane Society,info@wfchs.org,(307) 455-2713,https://www.wfchs.org,1115 Ramshorn Street,Dubois,82513,"Over 25 years rescuing and placing mistreated or abandoned dogs, cats and horses in Dubois and Crowheart communities."
897,Wyoming,WY,Red Desert Humane Society,Humane Society,rshumanesociety@gmail.com,(307) 362-1636,https://reddeserthumanesociety.org,310 Yellowstone Road,Rock Springs,82901,Humane society serving Sweetwater County and southwestern Wyoming.
898,Wyoming,WY,Laramie Peak Humane Society,Humane Society,info@laramiepeakhumanesociety.org,(307) 358-6363,https://www.laramiepeakhumanesociety.org,1009 South 4th Street,Douglas,82633,"Protects, cares for, and provides humane disposition of unwanted or stray animals. Offers impound services, TNR, and adoption drives."
899,Wyoming,WY,Dog Is My Copilot,Rescue,info@dogcopilot.org,(307) 200-8818,https://dogcopilot.org,,Jackson,83001,501(c)(3) organization transporting animals from overcrowded shelters to adoption centers where loving families are waiting.
900,Wyoming,WY,St. Francis Animal Shelter,Shelter,info@stfrancisanimalshelter.org,(307) 684-7929,https://stfrancisanimalshelter.org,135 North Carrington Avenue,Buffalo,82834,No-kill verified shelter serving Buffalo and Johnson County.
901,Wyoming,WY,Lucky's Place,Shelter,info@luckysplace.org,(307) 883-2126,https://luckysplace.org,166 North Washington Street,Afton,83110,"Private, independent no-kill shelter providing safe environment for lost, abandoned, and homeless animals of Star Valley."
902,Wyoming,WY,Second Chance Sheridan Cat Rescue,Rescue,secondchance@sheridancatrescue.org,(307) 461-9555,https://sheridancatrescue.org,1850 Gabrielle Court,Sheridan,82801,Cat rescue organization serving Sheridan and northern Wyoming.
903,Wyoming,WY,PAWS - Providing Animal Welfare Services,Rescue,info@pawsofteton.org,,https://pawsofteton.org,,Jackson,83001,"Shelters pets, supports owners, prevents homelessness, promotes responsible ownership, and protects animals during crises in Teton County."
